player_id,name,matched,source_name,source,source_id,source_url,league,team,games,goals,assists,points,regular_season
2024-001-macklin-celebrini,Macklin Celebrini,false,,,,,,,,,,,
2024-002-artyom-levshunov,Artyom Levshunov,false,,,,,,,,,,,
2024-003-beckett-sennecke,Beckett Sennecke,false,,,,,,,,,,,
2024-004-cayden-lindstrom,Cayden Lindstrom,false,,,,,,,,,,,
2024-005-ivan-demidov,Ivan Demidov,true,Ivan Demidov,nhl-prospect-bios,2024-khl-regular-ivan-demidov,https://media.nhl.com/site/asset/public/ext/2023-24/2024NHLDraft_ProspectProfiles.pdf#page=36,KHL,SKA St. Petersburg,4,0,0,0,true
2024-005-ivan-demidov,Ivan Demidov,true,Ivan Demidov,nhl-prospect-bios,2024-mhl-regular-ivan-demidov,https://media.nhl.com/site/asset/public/ext/2023-24/2024NHLDraft_ProspectProfiles.pdf#page=36,MHL,SKA-1946 St. Petersburg,30,23,37,60,true
2024-005-ivan-demidov,Ivan Demidov,true,Ivan Demidov,nhl-prospect-bios,2024-mhl-playoffs-ivan-demidov,https://media.nhl.com/site/asset/public/ext/2023-24/2024NHLDraft_ProspectProfiles.pdf#page=36,MHL,SKA-1946 St. Petersburg,17,11,17,28,false
2024-006-tij-iginla,Tij Iginla,false,,,,,,,,,,,
2024-007-carter-yakemchuk,Carter Yakemchuk,false,,,,,,,,,,,
2024-008-berkly-catton,Berkly Catton,false,,,,,,,,,,,
2024-009-zayne-parekh,Zayne Parekh,false,,,,,,,,,,,
2024-010-anton-silayev,Anton Silayev,true,Anton Silayev,wikipedia-career,2024-khl-regular-anton-silayev,https://en.wikipedia.org/wiki/Anton_Silayev,KHL,Torpedo Nizhny Novgorod,63,3,8,11,true
2024-010-anton-silayev,Anton Silayev,true,Anton Silayev,wikipedia-career,2024-khl-playoffs-anton-silayev,https://en.wikipedia.org/wiki/Anton_Silayev,KHL,Torpedo Nizhny Novgorod,5,0,2,2,false
2024-010-anton-silayev,Anton Silayev,true,Anton Silayev,nhl-team-release,2024-mhl-playoffs-anton-silayev,https://www.nhl.com/devils/news/topic/10-takeaways/devils-sign-defenseman-anton-silayev-release-6-1-26,MHL,Chaika Nizhny Novgorod,4,0,2,2,false
2024-011-sam-dickinson,Sam Dickinson,false,,,,,,,,,,,
2024-012-zeev-buium,Zeev Buium,false,,,,,,,,,,,
2024-013-jett-luchanko,Jett Luchanko,false,,,,,,,,,,,
2024-014-konsta-helenius,Konsta Helenius,false,,,,,,,,,,,
2024-015-michael-brandsegg-nyg-rd,Michael Brandsegg-Nygård,false,,,,,,,,,,,
2024-016-adam-jiricek,Adam Jiricek,false,,,,,,,,,,,
2024-017-terik-parascak,Terik Parascak,false,,,,,,,,,,,
2024-018-sacha-boisvert,Sacha Boisvert,false,,,,,,,,,,,
2024-019-trevor-connelly,Trevor Connelly,false,,,,,,,,,,,
2024-020-cole-eiserman,Cole Eiserman,false,,,,,,,,,,,
2024-021-michael-hage,Michael Hage,false,,,,,,,,,,,
2024-022-egor-surin,Egor Surin,true,Egor Surin,nhl-prospect-bios,2024-khl-regular-egor-surin,https://media.nhl.com/site/asset/public/ext/2023-24/2024NHLDraft_ProspectProfiles.pdf#page=46,KHL,Lokomotiv Yaroslavl,3,0,0,0,true
2024-022-egor-surin,Egor Surin,true,Egor Surin,nhl-prospect-bios,2024-mhl-regular-egor-surin,https://media.nhl.com/site/asset/public/ext/2023-24/2024NHLDraft_ProspectProfiles.pdf#page=46,MHL,Loko Yaroslavl,42,22,30,52,true
2024-022-egor-surin,Egor Surin,true,Egor Surin,nhl-prospect-bios,2024-mhl-playoffs-egor-surin,https://media.nhl.com/site/asset/public/ext/2023-24/2024NHLDraft_ProspectProfiles.pdf#page=46,MHL,Loko Yaroslavl,19,5,18,23,false
2024-023-stian-solberg,Stian Solberg,false,,,,,,,,,,,
2024-024-cole-beaudoin,Cole Beaudoin,false,,,,,,,,,,,
2024-025-dean-letourneau,Dean Letourneau,false,,,,,,,,,,,
2024-026-liam-greentree,Liam Greentree,false,,,,,,,,,,,
2024-027-marek-vanacker,Marek Vanacker,false,,,,,,,,,,,
2024-028-matvei-gridin,Matvei Gridin,false,,,,,,,,,,,
2024-029-emil-hemming,Emil Hemming,false,,,,,,,,,,,
2024-030-ej-emery,EJ Emery,false,,,,,,,,,,,
2024-031-ben-danford,Ben Danford,false,,,,,,,,,,,
2024-032-sam-o-reilly,Sam O'Reilly,false,,,,,,,,,,,
2024-033-igor-chernyshov,Igor Chernyshov,true,Igor Chernyshov,wikipedia-career,2024-khl-regular-igor-chernyshov,https://en.wikipedia.org/wiki/Igor_Chernyshov_(ice_hockey),KHL,Dynamo Moskva,34,3,1,4,true
2024-033-igor-chernyshov,Igor Chernyshov,true,Igor Chernyshov,wikipedia-career,2024-khl-playoffs-igor-chernyshov,https://en.wikipedia.org/wiki/Igor_Chernyshov_(ice_hockey),KHL,Dynamo Moskva,10,0,0,0,false
2024-033-igor-chernyshov,Igor Chernyshov,true,Igor Chernyshov,wikipedia-career,2024-mhl-regular-igor-chernyshov,https://en.wikipedia.org/wiki/Igor_Chernyshov_(ice_hockey),MHL,MHC Dynamo Moskva,22,13,15,28,true
2024-034-dominik-badinka,Dominik Badinka,false,,,,,,,,,,,
2024-035-lucas-pettersson,Lucas Pettersson,false,,,,,,,,,,,
2024-036-charlie-elick,Charlie Elick,false,,,,,,,,,,,
2024-037-alfons-freij,Alfons Freij,false,,,,,,,,,,,
2024-038-ilya-nabokov,Ilya Nabokov,true,Ilya Nabokov,wikipedia-career-goalie,2024-khl-regular-ilya-nabokov,https://en.wikipedia.org/wiki/Ilya_Nabokov,KHL,Metallurg Magnitogorsk,43,0,0,0,true
2024-038-ilya-nabokov,Ilya Nabokov,true,Ilya Nabokov,wikipedia-career-goalie,2024-khl-playoffs-ilya-nabokov,https://en.wikipedia.org/wiki/Ilya_Nabokov,KHL,Metallurg Magnitogorsk,23,0,0,0,false
2024-039-gabriel-eliasson,Gabriel Eliasson,false,,,,,,,,,,,
2024-040-julius-miettinen,Julius Miettinen,false,,,,,,,,,,,
2024-041-andrew-basha,Andrew Basha,false,,,,,,,,,,,
2024-042-adam-kleber,Adam Kleber,false,,,,,,,,,,,
2024-043-cole-hutson,Cole Hutson,false,,,,,,,,,,,
2024-044-harrison-brunicke,Harrison Brunicke,false,,,,,,,,,,,
2024-045-ryder-ritchie,Ryder Ritchie,false,,,,,,,,,,,
2024-046-tanner-howe,Tanner Howe,false,,,,,,,,,,,
2024-047-max-plante,Max Plante,false,,,,,,,,,,,
2024-048-colin-ralph,Colin Ralph,false,,,,,,,,,,,
2024-049-mikhail-yegorov,Mikhail Yegorov,false,,,,,,,,,,,
2024-050-nikita-artamonov,Nikita Artamonov,true,Nikita Artamonov,eliteprospects-team,2024-khl-regular-nikita-artamonov,https://www.eliteprospects.com/team/200/torpedo-nizhny-novgorod/stats/2023-2024,KHL,Torpedo Nizhny Novgorod,54,7,16,23,true
2024-050-nikita-artamonov,Nikita Artamonov,true,Nikita Artamonov,recruit-scouting,2024-khl-playoffs-nikita-artamonov,https://www.recruitscouting.com/recruitscoutings-2024-nhl-draft-guide/,KHL,Torpedo Nizhny Novgorod,5,0,0,0,false
2024-050-nikita-artamonov,Nikita Artamonov,true,Nikita Artamonov,recruit-scouting,2024-mhl-playoffs-nikita-artamonov,https://www.recruitscouting.com/recruitscoutings-2024-nhl-draft-guide/,MHL,Chaika Nizhny Novgorod,11,6,4,10,false
2024-051-jack-berglund,Jack Berglund,false,,,,,,,,,,,
2024-052-leon-muggli,Leon Muggli,false,,,,,,,,,,,
2024-053-leo-sahlin-wallenius,Leo Sahlin Wallenius,false,,,,,,,,,,,
2024-054-jesse-pulkkinen,Jesse Pulkkinen,false,,,,,,,,,,,
2024-055-teddy-stiga,Teddy Stiga,false,,,,,,,,,,,
2024-056-lukas-fischer,Lukas Fischer,false,,,,,,,,,,,
2024-057-carter-george,Carter George,false,,,,,,,,,,,
2024-058-linus-eriksson,Linus Eriksson,false,,,,,,,,,,,
2024-059-spencer-gill,Spencer Gill,false,,,,,,,,,,,
2024-060-evan-gardner,Evan Gardner,false,,,,,,,,,,,
2024-061-kamil-bednarik,Kamil Bednarik,false,,,,,,,,,,,
2024-062-jacob-battaglia,Jacob Battaglia,false,,,,,,,,,,,
2024-063-nathan-villeneuve,Nathan Villeneuve,false,,,,,,,,,,,
2024-064-eemil-vinni,Eemil Vinni,false,,,,,,,,,,,
2024-065-will-skahan,Will Skahan,false,,,,,,,,,,,
2024-066-maxim-mass,Maxim Massé,false,,,,,,,,,,,
2024-067-john-mustard,John Mustard,false,,,,,,,,,,,
2024-068-ethan-procyszyn,Ethan Procyszyn,false,,,,,,,,,,,
2024-069-noel-frans-n,Noel Fransén,false,,,,,,,,,,,
2024-070-aatos-koivu,Aatos Koivu,false,,,,,,,,,,,
2024-071-brodie-ziemer,Brodie Ziemer,false,,,,,,,,,,,
2024-072-anthony-aj-spellacy,Anthony (AJ) Spellacy,false,,,,,,,,,,,
2024-073-alexis-bernier,Alexis Bernier,false,,,,,,,,,,,
2024-074-henry-mews,Henry Mews,false,,,,,,,,,,,
2024-075-ilya-protas,Ilya Protas,false,,,,,,,,,,,
2024-076-william-zellers,William Zellers,false,,,,,,,,,,,
2024-077-viggo-gustafsson,Viggo Gustafsson,false,,,,,,,,,,,
2024-078-logan-sawyer,Logan Sawyer,false,,,,,,,,,,,
2024-079-tarin-smith,Tarin Smith,false,,,,,,,,,,,
2024-080-ondrej-becher,Ondrej Becher,false,,,,,,,,,,,
2024-081-ondrej-kos,Ondrej Kos,false,,,,,,,,,,,
2024-082-carson-wetsch,Carson Wetsch,false,,,,,,,,,,,
2024-083-pavel-moysevich,Pavel Moysevich,false,,,,,,,,,,,
2024-084-kirill-zarubin,Kirill Zarubin,true,Kirill Zarubin,quanthockey-player-goalie,2024-mhl-regular-akm-kirill-zarubin,https://www.quanthockey.com/hockey-stats/en/profile.php?player=150919,MHL,AKM-Yunior Tula,16,0,0,0,true
2024-084-kirill-zarubin,Kirill Zarubin,true,Kirill Zarubin,quanthockey-player-goalie,2024-mhl-regular-mikhailov-kirill-zarubin,https://www.quanthockey.com/hockey-stats/en/profile.php?player=150919,MHL,Mikhailov Academy U20,29,0,0,0,true
2024-085-kasper-pikkarainen,Kasper Pikkarainen,false,,,,,,,,,,,
2024-086-luca-marrelli,Luca Marrelli,false,,,,,,,,,,,
2024-087-miguel-marques,Miguel Marques,false,,,,,,,,,,,
2024-088-kim-saarinen,Kim Saarinen,false,,,,,,,,,,,
2024-089-tomas-lavoie,Tomas Lavoie,false,,,,,,,,,,,
2024-090-eriks-mateiko,Eriks Mateiko,false,,,,,,,,,,,
2024-091-herman-tr-ff,Herman Träff,false,,,,,,,,,,,
2024-092-jack-pridham,Jack Pridham,false,,,,,,,,,,,
2024-093-melvin-fernstr-m,Melvin Fernström,false,,,,,,,,,,,
2024-094-hiroki-gojsic,Hiroki Gojsic,false,,,,,,,,,,,
2024-095-adam-jecho,Adam Jecho,false,,,,,,,,,,,
2024-096-veeti-v-is-nen,Veeti Väisänen,false,,,,,,,,,,,
2024-097-matvei-shuravin,Matvei Shuravin,true,Matvei Shuravin,nhl-prospect-bios,2024-khl-regular-matvei-shuravin,https://media.nhl.com/site/asset/public/ext/2023-24/2024NHLDraft_ProspectProfiles.pdf#page=43,KHL,CSKA Moscow,11,0,2,2,true
2024-097-matvei-shuravin,Matvei Shuravin,true,Matvei Shuravin,nhl-prospect-bios,2024-mhl-regular-matvei-shuravin,https://media.nhl.com/site/asset/public/ext/2023-24/2024NHLDraft_ProspectProfiles.pdf#page=43,MHL,Krasnaya Armiya Moscow,22,0,7,7,true
2024-098-gregor-biber,Gregor Biber,false,,,,,,,,,,,
2024-099-jakub-milota,Jakub Milota,false,,,,,,,,,,,
2024-100-alexandre-blais,Alexandre Blais,false,,,,,,,,,,,
2024-101-tanner-henricks,Tanner Henricks,false,,,,,,,,,,,
2024-102-owen-protz,Owen Protz,false,,,,,,,,,,,
2024-103-gabe-smith,Gabe Smith,false,,,,,,,,,,,
2024-104-lucas-ellinas,Lucas Ellinas,false,,,,,,,,,,,
2024-105-ollie-josephson,Ollie Josephson,false,,,,,,,,,,,
2024-106-trevor-hoskin,Trevor Hoskin,false,,,,,,,,,,,
2024-107-heikki-ruohonen,Heikki Ruohonen,false,,,,,,,,,,,
2024-108-luke-osburn,Luke Osburn,false,,,,,,,,,,,
2024-109-kevin-he,Kevin He,false,,,,,,,,,,,
2024-110-elliott-groenewold,Elliott Groenewold,false,,,,,,,,,,,
2024-111-chase-pietila,Chase Pietila,false,,,,,,,,,,,
2024-112-javon-moore,Javon Moore,false,,,,,,,,,,,
2024-113-tomas-mrsic,Tomas Mrsic,false,,,,,,,,,,,
2024-114-nicholas-kempf,Nicholas Kempf,false,,,,,,,,,,,
2024-115-dmitry-gamzin,Dmitry Gamzin,true,Dmitry Gamzin,sportsru-goalie,2024-khl-regular-dmitry-gamzin,https://www.sports.ru/hockey/person/dmitry-gamzin/,KHL,CSKA Moscow,13,0,0,0,true
2024-116-christian-kirsch,Christian Kirsch,false,,,,,,,,,,,
2024-117-blake-montgomery,Blake Montgomery,false,,,,,,,,,,,
2024-118-jan-golicic,Jan Golicic,false,,,,,,,,,,,
2024-119-raoul-boilard,Raoul Boilard,false,,,,,,,,,,,
2024-120-victor-johansson,Victor Johansson,false,,,,,,,,,,,
2024-121-jake-fisher,Jake Fisher,false,,,,,,,,,,,
2024-122-aron-kiviharju,Aron Kiviharju,false,,,,,,,,,,,
2024-123-simon-pier-brunet,Simon-Pier Brunet,false,,,,,,,,,,,
2024-124-alexander-siryatsky,Alexander Siryatsky,true,Alexander Siryatsky,canes-prospect-bio,2024-khl-regular-alexander-siryatsky,https://canespr.com/alexandersiryatsky/,KHL,Metallurg Magnitogorsk,3,0,0,0,true
2024-124-alexander-siryatsky,Alexander Siryatsky,true,Alexander Siryatsky,canes-prospect-bio,2024-mhl-regular-alexander-siryatsky,https://canespr.com/alexandersiryatsky/,MHL,Stalnye Lisy Magnitogorsk,36,5,14,19,true
2024-124-alexander-siryatsky,Alexander Siryatsky,true,Alexander Siryatsky,canes-prospect-bio,2024-mhl-playoffs-alexander-siryatsky,https://canespr.com/alexandersiryatsky/,MHL,Stalnye Lisy Magnitogorsk,6,0,4,4,false
2024-125-riley-patterson,Riley Patterson,false,,,,,,,,,,,
2024-126-landon-miller,Landon Miller,false,,,,,,,,,,,
2024-127-viktor-norringer,Viktor Norringer,false,,,,,,,,,,,
2024-128-hagen-burrows,Hagen Burrows,false,,,,,,,,,,,
2024-129-simon-zether,Simon Zether,false,,,,,,,,,,,
2024-130-tyler-thorpe,Tyler Thorpe,false,,,,,,,,,,,
2024-131-colton-roberts,Colton Roberts,false,,,,,,,,,,,
2024-132-louka-cloutier,Louka Cloutier,false,,,,,,,,,,,
2024-133-oskar-vuollet,Oskar Vuollet,false,,,,,,,,,,,
2024-134-mikus-vecvanags,Mikus Vecvanags,false,,,,,,,,,,,
2024-135-owen-allard,Owen Allard,false,,,,,,,,,,,
2024-136-eerik-wallenius,Eerik Wallenius,false,,,,,,,,,,,
2024-137-ivan-yunin,Ivan Yunin,true,Ivan Yunin,quanthockey-player-goalie,2024-mhl-regular-ivan-yunin,https://www.quanthockey.com/hockey-stats/en/profile.php?player=150855,MHL,Omskie Yastreby,6,0,0,0,true
2024-138-joel-svensson,Joel Svensson,false,,,,,,,,,,,
2024-139-max-graham,Max Graham,false,,,,,,,,,,,
2024-140-sebastian-soini,Sebastian Soini,false,,,,,,,,,,,
2024-141-clarke-caswell,Clarke Caswell,false,,,,,,,,,,,
2024-142-chase-wutzke,Chase Wutzke,false,,,,,,,,,,,
2024-143-nate-misskey,Nate Misskey,false,,,,,,,,,,,
2024-144-john-whipple,John Whipple,false,,,,,,,,,,,
2024-145-william-mcisaac,William McIsaac,false,,,,,,,,,,,
2024-146-veeti-louhivaara,Veeti Louhivaara,false,,,,,,,,,,,
2024-147-marcus-gidl-f,Marcus Gidlöf,false,,,,,,,,,,,
2024-148-noah-powell,Noah Powell,false,,,,,,,,,,,
2024-149-joona-saarelainen,Joona Saarelainen,false,,,,,,,,,,,
2024-150-luke-misa,Luke Misa,false,,,,,,,,,,,
2024-151-miroslav-holinka,Miroslav Holinka,false,,,,,,,,,,,
2024-152-alexander-plesovskikh,Alexander Plesovskikh,true,Alexander Plesovskikh,quanthockey-team,2024-mhl-regular-alexander-plesovskikh,https://www.quanthockey.com/mhl/en/teams/mamonty-yugry-players-2023-24-mhl-stats.html,MHL,Mamonty Yugry,33,8,9,17,true
2024-153-ales-cech,Ales Cech,false,,,,,,,,,,,
2024-154-jonathan-morello,Jonathan Morello,false,,,,,,,,,,,
2024-155-markus-loponen,Markus Loponen,false,,,,,,,,,,,
2024-156-justin-poirier,Justin Poirier,false,,,,,,,,,,,
2024-157-timofei-obvintsev,Timofei Obvintsev,true,Timofei Obvintsev,quanthockey-player-goalie,2024-mhl-regular-timofei-obvintsev,https://www.quanthockey.com/hockey-stats/en/profile.php?player=134949,MHL,Krasnaya Armiya Moscow,16,0,0,0,true
2024-157-timofei-obvintsev,Timofei Obvintsev,true,Timofei Obvintsev,quanthockey-player-goalie,2024-mhl-playoffs-timofei-obvintsev,https://www.quanthockey.com/hockey-stats/en/profile.php?player=134949,MHL,Krasnaya Armiya Moscow,2,0,0,0,false
2024-158-niilopekka-muhonen,Niilopekka Muhonen,false,,,,,,,,,,,
2024-159-nathan-aspinall,Nathan Aspinall,false,,,,,,,,,,,
2024-160-connor-clattenburg,Connor Clattenburg,false,,,,,,,,,,,
2024-161-maxmilian-curran,Maxmilian Curran,false,,,,,,,,,,,
2024-162-anthony-romani,Anthony Romani,false,,,,,,,,,,,
2024-163-ty-henry,Ty Henry,false,,,,,,,,,,,
2024-164-jared-woolley,Jared Woolley,false,,,,,,,,,,,
2024-165-luke-ashton,Luke Ashton,false,,,,,,,,,,,
2024-166-ben-merrill,Ben Merrill,false,,,,,,,,,,,
2024-167-vojtech-hradec,Vojtech Hradec,false,,,,,,,,,,,
2024-168-timur-kol,Timur Kol,true,Timur Kol,quanthockey-player,2024-khl-regular-timur-kol,https://www.quanthockey.com/hockey-stats/en/profile.php?player=151212,KHL,Avangard Omsk,2,0,0,0,true
2024-168-timur-kol,Timur Kol,true,Timur Kol,quanthockey-player,2024-vhl-regular-timur-kol,https://www.quanthockey.com/hockey-stats/en/profile.php?player=151212,VHL,Omskie Krylia,23,5,3,8,true
2024-168-timur-kol,Timur Kol,true,Timur Kol,quanthockey-player,2024-mhl-regular-timur-kol,https://www.quanthockey.com/hockey-stats/en/profile.php?player=151212,MHL,Omskie Yastreby,14,2,6,8,true
2024-168-timur-kol,Timur Kol,true,Timur Kol,puckpedia-career,2024-mhl-playoffs-timur-kol,https://puckpedia.com/player/timur-kol,MHL,Omskie Yastreby,8,3,2,5,false
2024-169-stepan-gorbunov,Stepan Gorbunov,true,Stepan Gorbunov,nhl-central-scouting,2024-mhl-regular-stepan-gorbunov,https://media.nhl.com/site/vasset/public/attachments/2024/04/17924/2024%20NHL%20CS%20Final%20Rankings%20-%20ITL%20Skaters.pdf,MHL,Belye Medvedi Chelyabinsk,40,10,12,22,true
2024-170-hunter-laing,Hunter Laing,false,,,,,,,,,,,
2024-171-matyas-melovsky,Matyas Melovsky,false,,,,,,,,,,,
2024-172-patrick-geary,Patrick Geary,false,,,,,,,,,,,
2024-173-ilya-pautov,Ilya Pautov,true,Ilya Pautov,nhl-team-release,2024-mhl-regular-ilya-pautov,https://www.nhl.com/flyers/news/flyers-sign-ilya-pautov-to-entry-level-contract,MHL,Krasnaya Armiya Moscow,46,15,30,45,true
2024-174-stevie-leskovar,Stevie Leskovar,false,,,,,,,,,,,
2024-175-joona-v-is-nen,Joona Väisänen,false,,,,,,,,,,,
2024-176-charlie-forslund,Charlie Forslund,false,,,,,,,,,,,
2024-177-eric-jamieson,Eric Jamieson,false,,,,,,,,,,,
2024-178-petr-sikora,Petr Sikora,false,,,,,,,,,,,
2024-179-xavier-veilleux,Xavier Veilleux,false,,,,,,,,,,,
2024-180-trent-swick,Trent Swick,false,,,,,,,,,,,
2024-181-kaden-pitre,Kaden Pitre,false,,,,,,,,,,,
2024-182-austin-burnevik,Austin Burnevik,false,,,,,,,,,,,
2024-183-albin-sundin,Albin Sundin,false,,,,,,,,,,,
2024-184-roman-shokhrin,Roman Shokhrin,true,Roman Shokhrin,nhl-team-draft-recap,2024-mhl-regular-roman-shokhrin,https://www.nhl.com/hurricanes/news/canes-pick-10-players-on-second-day-of-draft,MHL,Yaroslavl junior system,36,2,12,14,true
2024-185-tory-pitner,Tory Pitner,false,,,,,,,,,,,
2024-186-loke-johansson,Loke Johansson,false,,,,,,,,,,,
2024-187-kieron-walton,Kieron Walton,false,,,,,,,,,,,
2024-188-fyodor-avramov,Fyodor Avramov,true,Fyodor Avramov,canes-prospect-bio,2024-mhl-regular-fyodor-avramov,https://canespr.com/fyodoravramov/,MHL,Kapitan Stupino,49,23,21,44,true
2024-189-parker-alcos,Parker Alcos,false,,,,,,,,,,,
2024-190-ludvig-lafton,Ludvig Lafton,false,,,,,,,,,,,
2024-191-rico-gredig,Rico Gredig,false,,,,,,,,,,,
2024-192-dalyn-wakely,Dalyn Wakely,false,,,,,,,,,,,
2024-193-hunter-st-martin,Hunter St. Martin,false,,,,,,,,,,,
2024-194-yaroslav-korostelyov,Yaroslav Korostelyov,true,Yaroslav Korostelyov,quanthockey-player-goalie,2024-mhl-regular-akademiya-yaroslav-korostelyov,https://www.quanthockey.com/hockey-stats/en/profile.php?player=132123,MHL,Akademiya SKA-Yunior,16,0,0,0,true
2024-194-yaroslav-korostelyov,Yaroslav Korostelyov,true,Yaroslav Korostelyov,quanthockey-player-goalie,2024-mhl-regular-ska-yaroslav-korostelyov,https://www.quanthockey.com/hockey-stats/en/profile.php?player=132123,MHL,SKA-1946 St. Petersburg,6,0,0,0,true
2024-194-yaroslav-korostelyov,Yaroslav Korostelyov,true,Yaroslav Korostelyov,quanthockey-player-goalie,2024-mhl-playoffs-yaroslav-korostelyov,https://www.quanthockey.com/hockey-stats/en/profile.php?player=132123,MHL,SKA-1946 St. Petersburg,1,0,0,0,false
2024-195-joe-connor,Joe Connor,false,,,,,,,,,,,
2024-196-william-nicholl,William Nicholl,false,,,,,,,,,,,
2024-197-lucas-van-vliet,Lucas Van Vliet,false,,,,,,,,,,,
2024-198-james-reeder,James Reeder,false,,,,,,,,,,,
2024-199-noah-steen,Noah Steen,false,,,,,,,,,,,
2024-200-matt-lahey,Matt Lahey,false,,,,,,,,,,,
2024-201-denis-gabdrakhmanov,Denis Gabdrakhmanov,true,Denis Gabdrakhmanov,quanthockey-player-goalie,2024-mhl-regular-denis-gabdrakhmanov,https://www.quanthockey.com/hockey-stats/en/profile.php?player=154658,MHL,Tyumensky Legion,40,0,0,0,true
2024-202-jakub-fibigr,Jakub Fibigr,false,,,,,,,,,,,
2024-203-austin-baker,Austin Baker,false,,,,,,,,,,,
2024-204-vasily-zelenov,Vasily Zelenov,false,,,,,,,,,,,
2024-205-austin-moline,Austin Moline,false,,,,,,,,,,,
2024-206-harrison-meneghin,Harrison Meneghin,false,,,,,,,,,,,
2024-207-mac-swanson,Mac Swanson,false,,,,,,,,,,,
2024-208-fisher-scott,Fisher Scott,false,,,,,,,,,,,
2024-209-antoine-dorion,Antoine Dorion,false,,,,,,,,,,,
2024-210-makar-khanin,Makar Khanin,true,Makar Khanin,quanthockey-player,2024-vhl-regular-makar-khanin,https://www.quanthockey.com/hockey-stats/en/profile.php?player=152325,VHL,Dynamo St. Petersburg,35,9,18,27,true
2024-210-makar-khanin,Makar Khanin,true,Makar Khanin,quanthockey-player,2024-vhl-playoffs-makar-khanin,https://www.quanthockey.com/hockey-stats/en/profile.php?player=152325,VHL,Dynamo St. Petersburg,3,0,0,0,false
2024-210-makar-khanin,Makar Khanin,true,Makar Khanin,quanthockey-player,2024-mhl-regular-makar-khanin,https://www.quanthockey.com/hockey-stats/en/profile.php?player=152325,MHL,Dynamo St. Petersburg,7,7,2,9,true
2024-210-makar-khanin,Makar Khanin,true,Makar Khanin,quanthockey-player,2024-mhl-playoffs-makar-khanin,https://www.quanthockey.com/hockey-stats/en/profile.php?player=152325,MHL,Dynamo St. Petersburg,7,0,2,2,false
2024-211-matvei-korotky,Matvei Korotky,true,Matvei Korotky,eliteprospects-league,2024-mhl-regular-matvei-korotky,https://www.eliteprospects.com/league/mhl/stats/2023-2024,MHL,SKA-1946 St. Petersburg,51,20,18,38,true
2024-211-matvei-korotky,Matvei Korotky,true,Matvei Korotky,eliteprospects-league,2024-mhl-playoffs-matvei-korotky,https://www.eliteprospects.com/league/mhl/stats/2023-2024/playoffs,MHL,SKA-1946 St. Petersburg,18,6,8,14,false
2024-212-miroslav-satan,Miroslav Satan,false,,,,,,,,,,,
2024-213-erik-p-hlsson,Erik Påhlsson,false,,,,,,,,,,,
2024-214-darels-uljanskis,Darels Uljanskis,false,,,,,,,,,,,
2024-215-christian-humphreys,Christian Humphreys,false,,,,,,,,,,,
2024-216-sam-mccue,Sam McCue,false,,,,,,,,,,,
2024-217-nikita-prishchepov,Nikita Prishchepov,false,,,,,,,,,,,
2024-218-bauer-berry,Bauer Berry,false,,,,,,,,,,,
2024-219-ryerson-leenders,Ryerson Leenders,false,,,,,,,,,,,
2024-220-andrey-krutov,Andrey Krutov,true,Andrey Krutov,canes-prospect-bio,2024-mhl-regular-andrey-krutov,https://canespr.com/andreykrutov/,MHL,Chaika Nizhny Novgorod,41,21,29,50,true
2024-220-andrey-krutov,Andrey Krutov,true,Andrey Krutov,nhl-team-draft-recap,2024-mhl-playoffs-andrey-krutov,https://www.nhl.com/hurricanes/news/canes-pick-10-players-on-second-day-of-draft,MHL,Chaika Nizhny Novgorod,14,7,3,10,false
2024-221-basile-sansonnens,Basile Sansonnens,false,,,,,,,,,,,
2024-222-william-samuelsson,William Samuelsson,false,,,,,,,,,,,
2024-223-finn-harding,Finn Harding,false,,,,,,,,,,,
2024-224-rasmus-bergqvist,Rasmus Bergqvist,false,,,,,,,,,,,
2024-225-nathan-mayes,Nathan Mayes,false,,,,,,,,,,,
