player_id,season,league,team,games,goals,assists,points,age,timing,regular_season,source,source_id,source_url,goalie_minutes,shots_against,saves,goals_against,save_percentage,goals_against_average,wins,losses,ties,shutouts
2026-001-gavin-mckenna,2025-26,NCAA,Penn State,35,15,36,51,,pre_draft,true,collegehockeyinc,61864,https://collegehockeyinc.com/players/career/61864,,,,,,,,,,
2026-002-ivar-stenberg,2025-26,SHL,Frölunda HC,6,0,4,4,,pre_draft,false,swehockey,ivarstenberg,https://stats.swehockey.se/Teams/Info/PlayersByTeam/19791,,,,,,,,,,
2026-002-ivar-stenberg,2025-26,SHL,Frölunda HC,43,11,22,33,,pre_draft,true,swehockey,ivarstenberg,https://stats.swehockey.se/Teams/Info/PlayersByTeam/18263,,,,,,,,,,
2026-003-caleb-malhotra,2025-26,OHL,BFD,15,13,13,26,,pre_draft,false,chl,9474,https://chl.ca/ohl/stats/players/85/all/points,,,,,,,,,,
2026-003-caleb-malhotra,2025-26,OHL,BFD,67,29,55,84,,pre_draft,true,chl,9474,https://chl.ca/ohl/stats/players/83/all/points,,,,,,,,,,
2026-004-daxon-rudolph,2024-25,WHL,PA,11,1,11,12,,pre_draft,false,chl,29416,https://chl.ca/whl/players/29416,,,,,,,,,,
2026-004-daxon-rudolph,2024-25,WHL,PA,64,7,34,41,,pre_draft,true,chl,29416,https://chl.ca/whl/players/29416,,,,,,,,,,
2026-004-daxon-rudolph,2025-26,WHL,PA,19,9,18,27,,pre_draft,false,chl,29416,https://chl.ca/whl/stats/players/293/all/points,,,,,,,,,,
2026-004-daxon-rudolph,2025-26,WHL,PA,68,28,50,78,,pre_draft,true,chl,29416,https://chl.ca/whl/stats/players/289/all/points,,,,,,,,,,
2026-006-carson-carels,2023-24,WHL,PG,7,0,3,3,,pre_draft,true,chl,29468,https://chl.ca/whl/stats/players/281/all/points,,,,,,,,,,
2026-006-carson-carels,2024-25,WHL,PG,7,1,3,4,,pre_draft,false,chl,29468,https://chl.ca/whl/players/29468,,,,,,,,,,
2026-006-carson-carels,2024-25,WHL,PG,60,6,29,35,,pre_draft,true,chl,29468,https://chl.ca/whl/players/29468,,,,,,,,,,
2026-006-carson-carels,2025-26,WHL,PG,10,1,9,10,,pre_draft,false,chl,29468,https://chl.ca/whl/stats/players/293/all/points,,,,,,,,,,
2026-006-carson-carels,2025-26,WHL,PG,58,20,53,73,,pre_draft,true,chl,29468,https://chl.ca/whl/stats/players/289/all/points,,,,,,,,,,
2026-007-chase-reid,2024-25,OHL,SOO,5,0,3,3,,pre_draft,false,chl,9299,https://chl.ca/ohl/players/9299,,,,,,,,,,
2026-007-chase-reid,2024-25,OHL,SOO,39,7,33,40,,pre_draft,true,chl,9299,https://chl.ca/ohl/players/9299,,,,,,,,,,
2026-007-chase-reid,2025-26,OHL,SOO,10,3,3,6,,pre_draft,false,chl,9299,https://chl.ca/ohl/stats/players/85/all/points,,,,,,,,,,
2026-007-chase-reid,2025-26,OHL,SOO,45,18,30,48,,pre_draft,true,chl,9299,https://chl.ca/ohl/stats/players/83/all/points,,,,,,,,,,
2026-008-viggo-bjorck,2025-26,SHL,Djurgårdens IF,3,1,2,3,,pre_draft,false,swehockey,viggobjorck,https://stats.swehockey.se/Teams/Info/PlayersByTeam/19791,,,,,,,,,,
2026-008-viggo-bjorck,2025-26,SHL,Djurgårdens IF,42,6,9,15,,pre_draft,true,swehockey,viggobjorck,https://stats.swehockey.se/Teams/Info/PlayersByTeam/18263,,,,,,,,,,
2026-008-viggo-bjorck,2025-26,Sweden Jrs.,Djurgårdens IF,9,8,12,20,,pre_draft,false,swehockey,viggobjorck,https://stats.swehockey.se/Teams/Info/PlayersByTeam/19943,,,,,,,,,,
2026-008-viggo-bjorck,2025-26,Sweden Jrs.,Djurgårdens IF,4,1,4,5,,pre_draft,true,swehockey,viggobjorck,https://stats.swehockey.se/Teams/Info/PlayersByTeam/18268,,,,,,,,,,
2026-009-keaton-verhoeff,2025-26,NCAA,North Dakota,36,6,14,20,,pre_draft,true,collegehockeyinc,61814,https://collegehockeyinc.com/players/career/61814,,,,,,,,,,
2026-010-wyatt-cullen,2024-25,USHL,NTDP,33,3,14,17,,pre_draft,true,ushl,10612,https://ushl.com/ht/#/player/10612/85/Wyatt%20Cullen,,,,,,,,,,
2026-010-wyatt-cullen,2025-26,USHL,NTDP,15,6,10,16,,pre_draft,true,ushl,10612,https://ushl.com/ht/#/player/10612/88/Wyatt%20Cullen,,,,,,,,,,
2026-011-tynan-lawrence,2025-26,NCAA,Boston University,18,2,5,7,,pre_draft,true,collegehockeyinc,60978,https://collegehockeyinc.com/players/career/60978,,,,,,,,,,
2026-012-alexander-command,2025-26,SHL,Örebro HK,6,0,0,0,,pre_draft,true,swehockey,alexandercommand,https://stats.swehockey.se/Teams/Info/PlayersByTeam/18263,,,,,,,,,,
2026-012-alexander-command,2025-26,Sweden Jrs.,Örebro HK,14,5,8,13,,pre_draft,false,swehockey,alexandercommand,https://stats.swehockey.se/Teams/Info/PlayersByTeam/19943,,,,,,,,,,
2026-012-alexander-command,2025-26,Sweden Jrs.,Örebro HK,30,17,27,44,,pre_draft,true,swehockey,alexandercommand,https://stats.swehockey.se/Teams/Info/PlayersByTeam/18269,,,,,,,,,,
2026-013-malte-gustafsson,2025-26,SHL,HV 71,27,0,3,3,,pre_draft,true,swehockey,maltegustafsson,https://stats.swehockey.se/Teams/Info/PlayersByTeam/18263,,,,,,,,,,
2026-013-malte-gustafsson,2025-26,Sweden Jrs.,HV 71,19,4,8,12,,pre_draft,true,swehockey,maltegustafsson,https://stats.swehockey.se/Teams/Info/PlayersByTeam/18269,,,,,,,,,,
2026-014-oscar-hemming,2025-26,NCAA,Boston College,19,1,7,8,,pre_draft,true,collegehockeyinc,125266,https://collegehockeyinc.com/players/career/125266,,,,,,,,,,
2026-015-nikita-klepov,2025-26,OHL,SAG,4,1,4,5,,pre_draft,false,chl,9385,https://chl.ca/ohl/stats/players/85/all/points,,,,,,,,,,
2026-015-nikita-klepov,2025-26,OHL,SAG,67,37,60,97,,pre_draft,true,chl,9385,https://chl.ca/ohl/stats/players/83/all/points,,,,,,,,,,
2026-016-maddox-dagenais,2024-25,QMJHL,Que,4,0,0,0,,pre_draft,false,chl,21279,https://chl.ca/lhjmq/en/players/21279/,,,,,,,,,,
2026-016-maddox-dagenais,2024-25,QMJHL,Que,43,12,14,26,,pre_draft,true,chl,21279,https://chl.ca/lhjmq/en/players/21279/,,,,,,,,,,
2026-016-maddox-dagenais,2025-26,QMJHL,Que,11,3,3,6,,pre_draft,false,chl,21279,https://chl.ca/lhjmq/en/stats/players/212/all/points,,,,,,,,,,
2026-016-maddox-dagenais,2025-26,QMJHL,Que,62,30,32,62,,pre_draft,true,chl,21279,https://chl.ca/lhjmq/en/stats/players/211/all/points,,,,,,,,,,
2026-017-ethan-belchetz,2024-25,OHL,WSR,56,17,21,38,,pre_draft,true,chl,9102,https://chl.ca/ohl/players/9102,,,,,,,,,,
2026-017-ethan-belchetz,2025-26,OHL,WSR,57,34,25,59,,pre_draft,true,chl,9102,https://chl.ca/ohl/stats/players/83/all/points,,,,,,,,,,
2026-019-elton-hermansson,2025-26,HockeyAllsvenskan,MoDo Hockey,13,1,0,1,,pre_draft,false,swehockey,eltonhermansson,https://stats.swehockey.se/Teams/Info/PlayersByTeam/19979,,,,,,,,,,
2026-019-elton-hermansson,2025-26,HockeyAllsvenskan,MoDo Hockey,38,11,10,21,,pre_draft,true,swehockey,eltonhermansson,https://stats.swehockey.se/Teams/Info/PlayersByTeam/18266,,,,,,,,,,
2026-019-elton-hermansson,2025-26,Sweden Jrs.,MoDo Hockey,13,3,6,9,,pre_draft,true,swehockey,eltonhermansson,https://stats.swehockey.se/Teams/Info/PlayersByTeam/18268,,,,,,,,,,
2026-020-ilia-morozov,2025-26,NCAA,Miami,36,8,12,20,,pre_draft,true,collegehockeyinc,61086,https://collegehockeyinc.com/players/career/61086,,,,,,,,,,
2026-021-ryan-lin,2023-24,WHL,VAN,3,0,0,0,,pre_draft,false,chl,29532,https://chl.ca/whl/stats/players/284/all/points,,,,,,,,,,
2026-021-ryan-lin,2023-24,WHL,VAN,1,0,0,0,,pre_draft,true,chl,29532,https://chl.ca/whl/stats/players/281/all/points,,,,,,,,,,
2026-021-ryan-lin,2024-25,WHL,VAN,5,0,2,2,,pre_draft,false,chl,29532,https://chl.ca/whl/players/29532,,,,,,,,,,
2026-021-ryan-lin,2024-25,WHL,VAN,60,5,48,53,,pre_draft,true,chl,29532,https://chl.ca/whl/players/29532,,,,,,,,,,
2026-021-ryan-lin,2025-26,WHL,VAN,53,14,43,57,,pre_draft,true,chl,29532,https://chl.ca/whl/stats/players/289/all/points,,,,,,,,,,
2026-022-liam-ruck,2023-24,WHL,MH,1,0,0,0,,pre_draft,false,chl,29383,https://chl.ca/whl/stats/players/284/all/points,,,,,,,,,,
2026-022-liam-ruck,2023-24,WHL,MH,3,1,1,2,,pre_draft,true,chl,29383,https://chl.ca/whl/stats/players/281/all/points,,,,,,,,,,
2026-022-liam-ruck,2024-25,WHL,MH,18,6,4,10,,pre_draft,false,chl,29383,https://chl.ca/whl/players/29383,,,,,,,,,,
2026-022-liam-ruck,2024-25,WHL,MH,61,25,16,41,,pre_draft,true,chl,29383,https://chl.ca/whl/players/29383,,,,,,,,,,
2026-022-liam-ruck,2025-26,WHL,MH,14,8,4,12,,pre_draft,false,chl,29383,https://chl.ca/whl/stats/players/293/all/points,,,,,,,,,,
2026-022-liam-ruck,2025-26,WHL,MH,68,45,59,104,,pre_draft,true,chl,29383,https://chl.ca/whl/stats/players/289/all/points,,,,,,,,,,
2026-023-jeffrey-jp-hurlbert,2025-26,WHL,KAM,4,1,2,3,,pre_draft,false,chl,30098,https://chl.ca/whl/stats/players/293/all/points,,,,,,,,,,
2026-023-jeffrey-jp-hurlbert,2025-26,WHL,KAM,68,42,55,97,,pre_draft,true,chl,30098,https://chl.ca/whl/stats/players/289/all/points,,,,,,,,,,
2026-024-adam-novotny,2025-26,OHL,PBO,6,0,1,1,,pre_draft,false,chl,9638,https://chl.ca/ohl/stats/players/85/all/points,,,,,,,,,,
2026-024-adam-novotny,2025-26,OHL,PBO,58,34,31,65,,pre_draft,true,chl,9638,https://chl.ca/ohl/stats/players/83/all/points,,,,,,,,,,
2026-025-jonas-lagerberg-hoen,2025-26,SHL,Leksands IF,2,0,0,0,,pre_draft,true,swehockey,jonaslagerberghoen,https://stats.swehockey.se/Teams/Info/PlayersByTeam/18263,,,,,,,,,,
2026-025-jonas-lagerberg-hoen,2025-26,Sweden Jrs.,Leksands IF,9,9,7,16,,pre_draft,true,swehockey,jonaslagerberghoen,https://stats.swehockey.se/Teams/Info/PlayersByTeam/18268,,,,,,,,,,
2026-026-gleb-pugachyov,2025-26,KHL,Torpedo Nizhny Novgorod,13,2,1,3,,pre_draft,true,open-stats,2026-ep-pdf-page-137,Draft26.pdf#page=137,,,,,,,,,,
2026-026-gleb-pugachyov,2025-26,MHL,Chaika Nizhny Novgorod,16,3,6,9,,pre_draft,false,open-stats,2026-mhl-playoffs-gleb-pugachyov,https://www.eliteprospects.com/league/mhl/stats/2025-2026/playoffs,,,,,,,,,,
2026-026-gleb-pugachyov,2025-26,MHL,Chaika Nizhny Novgorod,33,10,14,24,,pre_draft,true,open-stats,2026-ep-pdf-page-137,Draft26.pdf#page=137,,,,,,,,,,
2026-026-gleb-pugachyov,2025-26,VHL,Torpedo-Gorky NN,15,1,4,5,,pre_draft,true,open-stats,2026-ep-pdf-page-137,Draft26.pdf#page=137,,,,,,,,,,
2026-027-maksim-sokolovskii,2025-26,OHL,LDN,5,0,0,0,,pre_draft,false,chl,9427,https://chl.ca/ohl/stats/players/85/all/points,,,,,,,,,,
2026-027-maksim-sokolovskii,2025-26,OHL,LDN,44,2,6,8,,pre_draft,true,chl,9427,https://chl.ca/ohl/stats/players/83/all/points,,,,,,,,,,
2026-028-marcus-nordmark,2025-26,SHL,Djurgårdens IF,8,0,1,1,,pre_draft,true,swehockey,marcusnordmark,https://stats.swehockey.se/Teams/Info/PlayersByTeam/18263,,,,,,,,,,
2026-028-marcus-nordmark,2025-26,Sweden Jrs.,Djurgårdens IF,11,6,17,23,,pre_draft,false,swehockey,marcusnordmark,https://stats.swehockey.se/Teams/Info/PlayersByTeam/19943,,,,,,,,,,
2026-028-marcus-nordmark,2025-26,Sweden Jrs.,Djurgårdens IF,25,14,24,38,,pre_draft,true,swehockey,marcusnordmark,https://stats.swehockey.se/Teams/Info/PlayersByTeam/18268,,,,,,,,,,
2026-030-jack-hextall,2024-25,USHL,YNG,3,0,1,1,,pre_draft,false,ushl,10426,https://ushl.com/ht/#/player/10426/87/Jack%20Hextall,,,,,,,,,,
2026-030-jack-hextall,2024-25,USHL,YNG,53,8,26,34,,pre_draft,true,ushl,10426,https://ushl.com/ht/#/player/10426/85/Jack%20Hextall,,,,,,,,,,
2026-030-jack-hextall,2025-26,USHL,YNG,4,1,1,2,,pre_draft,false,ushl,10426,https://ushl.com/ht/#/player/10426/90/Jack%20Hextall,,,,,,,,,,
2026-030-jack-hextall,2025-26,USHL,YNG,59,20,38,58,,pre_draft,true,ushl,10426,https://ushl.com/ht/#/player/10426/88/Jack%20Hextall,,,,,,,,,,
2026-031-thomas-bleyl,2025-26,QMJHL,Mon,21,6,22,28,,pre_draft,false,chl,23895,https://chl.ca/lhjmq/en/stats/players/212/all/points,,,,,,,,,,
2026-031-thomas-bleyl,2025-26,QMJHL,Mon,63,13,68,81,,pre_draft,true,chl,23895,https://chl.ca/lhjmq/en/stats/players/211/all/points,,,,,,,,,,
2026-032-jaxon-cover,2024-25,OHL,LDN,3,0,2,2,,pre_draft,true,chl,9333,https://chl.ca/ohl/players/9333,,,,,,,,,,
2026-032-jaxon-cover,2025-26,OHL,LDN,5,2,1,3,,pre_draft,false,chl,9333,https://chl.ca/ohl/stats/players/85/all/points,,,,,,,,,,
2026-032-jaxon-cover,2025-26,OHL,LDN,67,20,32,52,,pre_draft,true,chl,9333,https://chl.ca/ohl/stats/players/83/all/points,,,,,,,,,,
2026-033-brooks-rogowski,2024-25,OHL,OSH,19,3,3,6,,pre_draft,false,chl,9126,https://chl.ca/ohl/players/9126,,,,,,,,,,
2026-033-brooks-rogowski,2024-25,OHL,OSH,66,11,12,23,,pre_draft,true,chl,9126,https://chl.ca/ohl/players/9126,,,,,,,,,,
2026-033-brooks-rogowski,2025-26,OHL,OSH,46,15,27,42,,pre_draft,true,chl,9126,https://chl.ca/ohl/stats/players/83/all/points,,,,,,,,,,
2026-034-xavier-villeneuve,2023-24,QMJHL,BLB,7,1,4,5,,pre_draft,false,chl,20170,https://chl.ca/lhjmq/en/stats/players/206/all/points,,,,,,,,,,
2026-034-xavier-villeneuve,2023-24,QMJHL,BLB,54,8,35,43,,pre_draft,true,chl,20170,https://chl.ca/lhjmq/en/stats/players/205/all/points,,,,,,,,,,
2026-034-xavier-villeneuve,2024-25,QMJHL,BLB,5,0,4,4,,pre_draft,false,chl,20170,https://chl.ca/lhjmq/en/players/20170/,,,,,,,,,,
2026-034-xavier-villeneuve,2024-25,QMJHL,BLB,61,12,50,62,,pre_draft,true,chl,20170,https://chl.ca/lhjmq/en/players/20170/,,,,,,,,,,
2026-034-xavier-villeneuve,2025-26,QMJHL,BLB,17,6,8,14,,pre_draft,false,chl,20170,https://chl.ca/lhjmq/en/stats/players/212/all/points,,,,,,,,,,
2026-034-xavier-villeneuve,2025-26,QMJHL,BLB,37,6,32,38,,pre_draft,true,chl,20170,https://chl.ca/lhjmq/en/stats/players/211/all/points,,,,,,,,,,
2026-035-ryan-roobroeck,2023-24,OHL,NIAG,63,28,23,51,,pre_draft,true,chl,8963,https://chl.ca/ohl/stats/players/76/all/points,,,,,,,,,,
2026-035-ryan-roobroeck,2024-25,OHL,NIAG,5,3,3,6,,pre_draft,false,chl,8963,https://chl.ca/ohl/players/8963,,,,,,,,,,
2026-035-ryan-roobroeck,2024-25,OHL,NIAG,64,41,46,87,,pre_draft,true,chl,8963,https://chl.ca/ohl/players/8963,,,,,,,,,,
2026-035-ryan-roobroeck,2025-26,OHL,NIAG,49,30,28,58,,pre_draft,true,chl,8963,https://chl.ca/ohl/stats/players/83/all/points,,,,,,,,,,
2026-036-chase-harrington,2022-23,WHL,SPO,4,0,1,1,,pre_draft,true,chl,29279,https://chl.ca/whl/stats/players/279/all/points,,,,,,,,,,
2026-036-chase-harrington,2023-24,WHL,SPO,3,0,1,1,,pre_draft,false,chl,29279,https://chl.ca/whl/stats/players/284/all/points,,,,,,,,,,
2026-036-chase-harrington,2023-24,WHL,SPO,61,6,16,22,,pre_draft,true,chl,29279,https://chl.ca/whl/stats/players/281/all/points,,,,,,,,,,
2026-036-chase-harrington,2024-25,WHL,SPO,20,6,8,14,,pre_draft,false,chl,29279,https://chl.ca/whl/players/29279,,,,,,,,,,
2026-036-chase-harrington,2024-25,WHL,SPO,68,19,31,50,,pre_draft,true,chl,29279,https://chl.ca/whl/players/29279,,,,,,,,,,
2026-036-chase-harrington,2025-26,WHL,SPO,6,2,2,4,,pre_draft,false,chl,29279,https://chl.ca/whl/stats/players/293/all/points,,,,,,,,,,
2026-036-chase-harrington,2025-26,WHL,SPO,61,28,29,57,,pre_draft,true,chl,29279,https://chl.ca/whl/stats/players/289/all/points,,,,,,,,,,
2026-037-matias-vanhanen,2025-26,WHL,EVT,18,12,12,24,,pre_draft,false,chl,30307,https://chl.ca/whl/stats/players/293/all/points,,,,,,,,,,
2026-037-matias-vanhanen,2025-26,WHL,EVT,62,21,66,87,,pre_draft,true,chl,30307,https://chl.ca/whl/stats/players/289/all/points,,,,,,,,,,
2026-038-casey-mutryn,2024-25,USHL,NTDP,33,11,6,17,,pre_draft,true,ushl,10607,https://ushl.com/ht/#/player/10607/85/Casey%20Mutryn,,,,,,,,,,
2026-038-casey-mutryn,2025-26,USHL,NTDP,25,7,9,16,,pre_draft,true,ushl,10607,https://ushl.com/ht/#/player/10607/88/Casey%20Mutryn,,,,,,,,,,
2026-039-markus-ruck,2023-24,WHL,MH,2,0,0,0,,pre_draft,true,chl,29384,https://chl.ca/whl/stats/players/281/all/points,,,,,,,,,,
2026-039-markus-ruck,2024-25,WHL,MH,14,1,3,4,,pre_draft,false,chl,29384,https://chl.ca/whl/players/29384,,,,,,,,,,
2026-039-markus-ruck,2024-25,WHL,MH,62,8,21,29,,pre_draft,true,chl,29384,https://chl.ca/whl/players/29384,,,,,,,,,,
2026-039-markus-ruck,2025-26,WHL,MH,15,4,9,13,,pre_draft,false,chl,29384,https://chl.ca/whl/stats/players/293/all/points,,,,,,,,,,
2026-039-markus-ruck,2025-26,WHL,MH,68,21,87,108,,pre_draft,true,chl,29384,https://chl.ca/whl/stats/players/289/all/points,,,,,,,,,,
2026-041-niklas-aaram-olsen,2025-26,SHL,Örebro HK,16,0,0,0,,pre_draft,true,swehockey,niklasaaramolsen,https://stats.swehockey.se/Teams/Info/PlayersByTeam/18263,,,,,,,,,,
2026-041-niklas-aaram-olsen,2025-26,Sweden Jrs.,Örebro HK,13,5,3,8,,pre_draft,false,swehockey,niklasaaramolsen,https://stats.swehockey.se/Teams/Info/PlayersByTeam/19943,,,,,,,,,,
2026-041-niklas-aaram-olsen,2025-26,Sweden Jrs.,Örebro HK,29,20,20,40,,pre_draft,true,swehockey,niklasaaramolsen,https://stats.swehockey.se/Teams/Info/PlayersByTeam/18269,,,,,,,,,,
2026-042-tobias-trejbal,2025-26,USHL,YNG,4,,,,,pre_draft,false,ushl,10918,https://ushl.com/ht/#/player/10918/90/Tobias%20Trejbal,254,67,60,7,0.896,1.66,1,2,1,0
2026-042-tobias-trejbal,2025-26,USHL,YNG,42,,,,,pre_draft,true,ushl,10918,https://ushl.com/ht/#/player/10918/88/Tobias%20Trejbal,2515,1064,975,89,0.916,2.12,30,9,3,3
2026-043-egor-shilov,2025-26,QMJHL,Vic,4,2,3,5,,pre_draft,false,chl,23769,https://chl.ca/lhjmq/en/stats/players/212/all/points,,,,,,,,,,
2026-043-egor-shilov,2025-26,QMJHL,Vic,63,32,50,82,,pre_draft,true,chl,23769,https://chl.ca/lhjmq/en/stats/players/211/all/points,,,,,,,,,,
2026-044-nikita-shcherbakov,2025-26,KHL,Salavat Yulaev Ufa,7,0,0,0,,pre_draft,true,open-stats,2026-ep-pdf-page-105,Draft26.pdf#page=105,,,,,,,,,,
2026-044-nikita-shcherbakov,2025-26,MHL,Tolpar Ufa,15,0,10,10,,pre_draft,true,open-stats,2026-ep-pdf-page-105,Draft26.pdf#page=105,,,,,,,,,,
2026-044-nikita-shcherbakov,2025-26,VHL,Toros Neftekamsk,35,4,6,10,,pre_draft,true,open-stats,2026-ep-pdf-page-105,Draft26.pdf#page=105,,,,,,,,,,
2026-046-liam-lefebvre,2025-26,QMJHL,Chi,20,5,7,12,,pre_draft,false,chl,22095,https://chl.ca/lhjmq/en/stats/players/212/all/points,,,,,,,,,,
2026-046-liam-lefebvre,2025-26,QMJHL,Chi,59,32,27,59,,pre_draft,true,chl,22095,https://chl.ca/lhjmq/en/stats/players/211/all/points,,,,,,,,,,
2026-047-victor-plante,2024-25,USHL,NTDP,29,4,8,12,,pre_draft,true,ushl,10609,https://ushl.com/ht/#/player/10609/85/Victor%20Plante,,,,,,,,,,
2026-047-victor-plante,2025-26,USHL,NTDP,20,8,10,18,,pre_draft,true,ushl,10609,https://ushl.com/ht/#/player/10609/88/Victor%20Plante,,,,,,,,,,
2026-048-ryder-cali,2024-25,OHL,NB,5,0,0,0,,pre_draft,true,chl,9310,https://chl.ca/ohl/players/9310,,,,,,,,,,
2026-048-ryder-cali,2025-26,OHL,NB,10,1,3,4,,pre_draft,false,chl,9310,https://chl.ca/ohl/stats/players/85/all/points,,,,,,,,,,
2026-048-ryder-cali,2025-26,OHL,NB,47,16,20,36,,pre_draft,true,chl,9310,https://chl.ca/ohl/stats/players/83/all/points,,,,,,,,,,
2026-050-mathis-preston,2023-24,WHL,SPO,3,0,0,0,,pre_draft,false,chl,29463,https://chl.ca/whl/stats/players/284/all/points,,,,,,,,,,
2026-050-mathis-preston,2023-24,WHL,SPO,5,4,0,4,,pre_draft,true,chl,29463,https://chl.ca/whl/stats/players/281/all/points,,,,,,,,,,
2026-050-mathis-preston,2024-25,WHL,SPO,20,9,7,16,,pre_draft,false,chl,29463,https://chl.ca/whl/players/29463,,,,,,,,,,
2026-050-mathis-preston,2024-25,WHL,SPO,54,23,22,45,,pre_draft,true,chl,29463,https://chl.ca/whl/players/29463,,,,,,,,,,
2026-050-mathis-preston,2025-26,WHL,VAN,46,18,26,44,,pre_draft,true,chl,29463,https://chl.ca/whl/stats/players/289/all/points,,,,,,,,,,
2026-051-william-hakansson,2025-26,HockeyAllsvenskan,Almtuna IS,2,0,2,2,,pre_draft,false,swehockey,williamhakansson,https://stats.swehockey.se/Teams/Info/PlayersByTeam/19979,,,,,,,,,,
2026-051-william-hakansson,2025-26,HockeyAllsvenskan,Almtuna IS,16,2,2,4,,pre_draft,true,swehockey,williamhakansson,https://stats.swehockey.se/Teams/Info/PlayersByTeam/18266,,,,,,,,,,
2026-051-william-hakansson,2025-26,SHL,Luleå HF,9,0,0,0,,pre_draft,false,swehockey,williamhakansson,https://stats.swehockey.se/Teams/Info/PlayersByTeam/19791,,,,,,,,,,
2026-051-william-hakansson,2025-26,SHL,Luleå HF,22,0,2,2,,pre_draft,true,swehockey,williamhakansson,https://stats.swehockey.se/Teams/Info/PlayersByTeam/18263,,,,,,,,,,
2026-051-william-hakansson,2025-26,Sweden Jrs.,Luleå HF,5,1,3,4,,pre_draft,false,swehockey,williamhakansson,https://stats.swehockey.se/Teams/Info/PlayersByTeam/19943,,,,,,,,,,
2026-051-william-hakansson,2025-26,Sweden Jrs.,Luleå HF,6,0,4,4,,pre_draft,true,swehockey,williamhakansson,https://stats.swehockey.se/Teams/Info/PlayersByTeam/18268,,,,,,,,,,
2026-052-oleg-kulebiakin,2025-26,QMJHL,Hal,4,0,2,2,,pre_draft,false,chl,23745,https://chl.ca/lhjmq/en/stats/players/212/all/points,,,,,,,,,,
2026-052-oleg-kulebiakin,2025-26,QMJHL,Hal,64,29,44,73,,pre_draft,true,chl,23745,https://chl.ca/lhjmq/en/stats/players/211/all/points,,,,,,,,,,
2026-053-brek-liske,2023-24,WHL,EVT,3,0,0,0,,pre_draft,false,chl,29404,https://chl.ca/whl/stats/players/284/all/points,,,,,,,,,,
2026-053-brek-liske,2023-24,WHL,EVT,3,1,1,2,,pre_draft,true,chl,29404,https://chl.ca/whl/stats/players/281/all/points,,,,,,,,,,
2026-053-brek-liske,2024-25,WHL,EVT,13,0,1,1,,pre_draft,false,chl,29404,https://chl.ca/whl/players/29404,,,,,,,,,,
2026-053-brek-liske,2024-25,WHL,EVT,66,2,9,11,,pre_draft,true,chl,29404,https://chl.ca/whl/players/29404,,,,,,,,,,
2026-053-brek-liske,2025-26,WHL,EVT,18,4,13,17,,pre_draft,false,chl,29404,https://chl.ca/whl/stats/players/293/all/points,,,,,,,,,,
2026-053-brek-liske,2025-26,WHL,EVT,52,7,17,24,,pre_draft,true,chl,29404,https://chl.ca/whl/stats/players/289/all/points,,,,,,,,,,
2026-055-alan-shaikhlislamov,2025-26,KHL,Salavat Yulaev Ufa,1,0,0,0,,pre_draft,true,open-stats,2026-ep-pdf-page-158,Draft26.pdf#page=158,,,,,,,,,,
2026-055-alan-shaikhlislamov,2025-26,MHL,Tolpar Ufa,31,18,17,35,,pre_draft,true,open-stats,2026-ep-pdf-page-158,Draft26.pdf#page=158,,,,,,,,,,
2026-056-yuri-ivanov,2025-26,MHL,MHK Spartak Moskva,16,0,0,0,,pre_draft,false,open-stats,2026-mhl-playoffs-yuri-ivanov,https://www.eliteprospects.com/league/mhl/stats/2025-2026/playoffs?tab=goalies,808,403,374,29,0.928,2.15,6,5,1,1
2026-056-yuri-ivanov,2025-26,MHL,MHK Spartak Moskva,26,0,0,0,,pre_draft,true,open-stats,2026-mhl-regular-yuri-ivanov,https://www.eliteprospects.com/league/mhl/stats/2025-2026?tab=goalies,1476,875,810,65,0.926,2.64,16,9,1,0
2026-057-timofei-runtso,2025-26,WHL,VIC,68,11,33,44,,pre_draft,true,chl,30219,https://chl.ca/whl/stats/players/289/all/points,,,,,,,,,,
2026-058-rudolfs-berzkalns,2024-25,USHL,MUS,43,5,3,8,,pre_draft,true,ushl,10588,https://ushl.com/ht/#/player/10588/85/R%C5%ABdolfs%20B%C4%93rzkalns,,,,,,,,,,
2026-058-rudolfs-berzkalns,2025-26,USHL,MKG,16,4,6,10,,pre_draft,false,ushl,10588,https://ushl.com/ht/#/player/10588/90/R%C5%ABdolfs%20B%C4%93rzkalns,,,,,,,,,,
2026-058-rudolfs-berzkalns,2025-26,USHL,MKG,48,13,12,25,,pre_draft,true,ushl,10588,https://ushl.com/ht/#/player/10588/88/R%C5%ABdolfs%20B%C4%93rzkalns,,,,,,,,,,
2026-059-jakub-vanecek,2025-26,WHL,TC,59,14,21,35,,pre_draft,true,chl,29955,https://chl.ca/whl/stats/players/289/all/points,,,,,,,,,,
2026-060-alexander-bilecki,2024-25,OHL,KIT,3,0,0,0,,pre_draft,false,chl,9162,https://chl.ca/ohl/players/9162,,,,,,,,,,
2026-060-alexander-bilecki,2024-25,OHL,KIT,45,3,11,14,,pre_draft,true,chl,9162,https://chl.ca/ohl/players/9162,,,,,,,,,,
2026-060-alexander-bilecki,2025-26,OHL,KIT,18,2,9,11,,pre_draft,false,chl,9162,https://chl.ca/ohl/stats/players/85/all/points,,,,,,,,,,
2026-060-alexander-bilecki,2025-26,OHL,KIT,66,9,20,29,,pre_draft,true,chl,9162,https://chl.ca/ohl/stats/players/83/all/points,,,,,,,,,,
2026-064-benjamin-macbeath,2025-26,WHL,CGY,7,0,2,2,,pre_draft,false,chl,30195,https://chl.ca/whl/stats/players/293/all/points,,,,,,,,,,
2026-064-benjamin-macbeath,2025-26,WHL,CGY,67,7,44,51,,pre_draft,true,chl,30195,https://chl.ca/whl/stats/players/289/all/points,,,,,,,,,,
2026-065-joe-iginla,2023-24,WHL,EDM,5,3,2,5,,pre_draft,true,chl,29393,https://chl.ca/whl/stats/players/281/all/points,,,,,,,,,,
2026-065-joe-iginla,2024-25,WHL,EDM,3,0,0,0,,pre_draft,false,chl,29393,https://chl.ca/whl/players/29393,,,,,,,,,,
2026-065-joe-iginla,2024-25,WHL,EDM,61,9,7,16,,pre_draft,true,chl,29393,https://chl.ca/whl/players/29393,,,,,,,,,,
2026-065-joe-iginla,2025-26,WHL,VAN,59,15,16,31,,pre_draft,true,chl,29393,https://chl.ca/whl/stats/players/289/all/points,,,,,,,,,,
2026-067-danai-shaiikov,2025-26,QMJHL,Gat,7,0,0,0,,pre_draft,false,chl,23743,https://chl.ca/lhjmq/en/stats/players/212/all/points,,,,,,,,,,
2026-067-danai-shaiikov,2025-26,QMJHL,Gat,50,0,0,0,,pre_draft,true,chl,23743,https://chl.ca/lhjmq/en/stats/players/211/all/points,,,,,,,,,,
2026-068-zachary-lansard,2024-25,WHL,REG,54,7,12,19,,pre_draft,true,chl,29458,https://chl.ca/whl/players/29458,,,,,,,,,,
2026-068-zachary-lansard,2025-26,WHL,REG,5,3,0,3,,pre_draft,false,chl,29458,https://chl.ca/whl/stats/players/293/all/points,,,,,,,,,,
2026-068-zachary-lansard,2025-26,WHL,REG,68,24,32,56,,pre_draft,true,chl,29458,https://chl.ca/whl/stats/players/289/all/points,,,,,,,,,,
2026-069-ethan-mackenzie,2022-23,WHL,EDM,50,1,11,12,,pre_draft,true,chl,29207,https://chl.ca/whl/stats/players/279/all/points,,,,,,,,,,
2026-069-ethan-mackenzie,2023-24,WHL,EDM,26,1,5,6,,pre_draft,true,chl,29207,https://chl.ca/whl/stats/players/281/all/points,,,,,,,,,,
2026-069-ethan-mackenzie,2024-25,WHL,EDM,7,2,1,3,,pre_draft,false,chl,29207,https://chl.ca/whl/players/29207,,,,,,,,,,
2026-069-ethan-mackenzie,2024-25,WHL,EDM,54,5,27,32,,pre_draft,true,chl,29207,https://chl.ca/whl/players/29207,,,,,,,,,,
2026-069-ethan-mackenzie,2025-26,WHL,EDM,7,1,2,3,,pre_draft,false,chl,29207,https://chl.ca/whl/stats/players/293/all/points,,,,,,,,,,
2026-069-ethan-mackenzie,2025-26,WHL,EDM,59,22,36,58,,pre_draft,true,chl,29207,https://chl.ca/whl/stats/players/289/all/points,,,,,,,,,,
2026-070-dmitri-borichev,2025-26,MHL,Loko-76 Yaroslavl,24,0,0,0,,pre_draft,true,open-stats,2026-ep-pdf-page-141,Draft26.pdf#page=141,1333,700,650,50,0.929,2.25,12,8,3,3
2026-071-samuel-hrenak,2025-26,USHL,FGO,9,,,,,pre_draft,true,ushl,11169,https://ushl.com/ht/#/player/11169/88/Samuel%20Hrenak,545,243,223,20,0.918,2.20,7,1,0,1
2026-072-adam-nemec,2025-26,OHL,SBY,4,0,2,2,,pre_draft,false,chl,9685,https://chl.ca/ohl/stats/players/85/all/points,,,,,,,,,,
2026-072-adam-nemec,2025-26,OHL,SBY,31,14,21,35,,pre_draft,true,chl,9685,https://chl.ca/ohl/stats/players/83/all/points,,,,,,,,,,
2026-073-zach-olsen,2023-24,WHL,SAS,1,0,0,0,,pre_draft,true,chl,29429,https://chl.ca/whl/stats/players/281/all/points,,,,,,,,,,
2026-073-zach-olsen,2024-25,WHL,SAS,4,1,0,1,,pre_draft,false,chl,29429,https://chl.ca/whl/players/29429,,,,,,,,,,
2026-073-zach-olsen,2024-25,WHL,SAS,60,11,12,23,,pre_draft,true,chl,29429,https://chl.ca/whl/players/29429,,,,,,,,,,
2026-073-zach-olsen,2025-26,WHL,SAS,10,2,4,6,,pre_draft,false,chl,29429,https://chl.ca/whl/stats/players/293/all/points,,,,,,,,,,
2026-073-zach-olsen,2025-26,WHL,SAS,57,18,16,34,,pre_draft,true,chl,29429,https://chl.ca/whl/stats/players/289/all/points,,,,,,,,,,
2026-074-beckett-hamilton,2023-24,WHL,RD,3,0,0,0,,pre_draft,true,chl,29516,https://chl.ca/whl/stats/players/281/all/points,,,,,,,,,,
2026-074-beckett-hamilton,2024-25,WHL,RD,67,14,11,25,,pre_draft,true,chl,29516,https://chl.ca/whl/players/29516,,,,,,,,,,
2026-074-beckett-hamilton,2025-26,WHL,RD,5,2,3,5,,pre_draft,false,chl,29516,https://chl.ca/whl/stats/players/293/all/points,,,,,,,,,,
2026-074-beckett-hamilton,2025-26,WHL,RD,67,24,38,62,,pre_draft,true,chl,29516,https://chl.ca/whl/stats/players/289/all/points,,,,,,,,,,
2026-075-luke-schairer,2024-25,USHL,NTDP,27,0,4,4,,pre_draft,true,ushl,10613,https://ushl.com/ht/#/player/10613/85/Luke%20Schairer,,,,,,,,,,
2026-075-luke-schairer,2025-26,USHL,NTDP,25,1,8,9,,pre_draft,true,ushl,10613,https://ushl.com/ht/#/player/10613/88/Luke%20Schairer,,,,,,,,,,
2026-076-mans-gudmundsson,2025-26,SHL,Färjestad BK,1,0,0,0,,pre_draft,true,swehockey,mansgudmundsson,https://stats.swehockey.se/Teams/Info/PlayersByTeam/18263,,,,,,,,,,
2026-076-mans-gudmundsson,2025-26,Sweden Jrs.,Färjestad BK,7,1,4,5,,pre_draft,false,swehockey,mansgudmundsson,https://stats.swehockey.se/Teams/Info/PlayersByTeam/19943,,,,,,,,,,
2026-076-mans-gudmundsson,2025-26,Sweden Jrs.,Färjestad BK,35,1,24,25,,pre_draft,true,swehockey,mansgudmundsson,https://stats.swehockey.se/Teams/Info/PlayersByTeam/18269,,,,,,,,,,
2026-077-charlie-morrison,2024-25,QMJHL,Que,4,0,1,1,,pre_draft,false,chl,21306,https://chl.ca/lhjmq/en/players/21306/,,,,,,,,,,
2026-077-charlie-morrison,2024-25,QMJHL,Que,63,2,13,15,,pre_draft,true,chl,21306,https://chl.ca/lhjmq/en/players/21306/,,,,,,,,,,
2026-077-charlie-morrison,2025-26,QMJHL,Que,10,2,2,4,,pre_draft,false,chl,21306,https://chl.ca/lhjmq/en/stats/players/212/all/points,,,,,,,,,,
2026-077-charlie-morrison,2025-26,QMJHL,Que,41,4,9,13,,pre_draft,true,chl,21306,https://chl.ca/lhjmq/en/stats/players/211/all/points,,,,,,,,,,
2026-078-dmitri-ivchenko,2025-26,MHL,Omskie Yastreby,19,0,0,0,,pre_draft,true,open-stats,2026-mhl-regular-dmitri-ivchenko,https://www.eliteprospects.com/league/mhl/stats/2025-2026?tab=goalies,1101,449,414,35,0.922,1.91,11,5,1,4
2026-079-michal-orsulak,2025-26,WHL,PA,20,0,1,1,,pre_draft,false,chl,30250,https://chl.ca/whl/stats/players/293/all/points,,,,,,,,,,
2026-079-michal-orsulak,2025-26,WHL,PA,36,0,1,1,,pre_draft,true,chl,30250,https://chl.ca/whl/stats/players/289/all/points,,,,,,,,,,
2026-080-blake-zielinski,2024-25,USHL,DM,41,13,19,32,,pre_draft,true,ushl,10661,https://ushl.com/ht/#/player/10661/85/Blake%20Zielinski,,,,,,,,,,
2026-080-blake-zielinski,2025-26,USHL,DSM,3,2,0,2,,pre_draft,false,ushl,10661,https://ushl.com/ht/#/player/10661/90/Blake%20Zielinski,,,,,,,,,,
2026-080-blake-zielinski,2025-26,USHL,DSM,53,25,30,55,,pre_draft,true,ushl,10661,https://ushl.com/ht/#/player/10661/88/Blake%20Zielinski,,,,,,,,,,
2026-082-rian-chudzinski,2025-26,QMJHL,Mon,21,6,11,17,,pre_draft,false,chl,22262,https://chl.ca/lhjmq/en/stats/players/212/all/points,,,,,,,,,,
2026-082-rian-chudzinski,2025-26,QMJHL,Mon,54,21,17,38,,pre_draft,true,chl,22262,https://chl.ca/lhjmq/en/stats/players/211/all/points,,,,,,,,,,
2026-083-adam-andersson,2025-26,Sweden Jrs.,Leksands IF,8,0,0,0,,pre_draft,false,swehockey,adamandersson,https://stats.swehockey.se/Teams/Info/PlayersByTeam/19943,,,,,,,,,,
2026-083-adam-andersson,2025-26,Sweden Jrs.,Leksands IF,30,3,14,17,,pre_draft,true,swehockey,adamandersson,https://stats.swehockey.se/Teams/Info/PlayersByTeam/18268,,,,,,,,,,
2026-084-malcom-gastrin,2025-26,HockeyAllsvenskan,MoDo Hockey,4,0,0,0,,pre_draft,true,swehockey,malcomgastrin,https://stats.swehockey.se/Teams/Info/PlayersByTeam/18266,,,,,,,,,,
2026-084-malcom-gastrin,2025-26,Sweden Jrs.,MoDo Hockey,5,2,2,4,,pre_draft,false,swehockey,malcomgastrin,https://stats.swehockey.se/Teams/Info/PlayersByTeam/19943,,,,,,,,,,
2026-084-malcom-gastrin,2025-26,Sweden Jrs.,MoDo Hockey,24,9,16,25,,pre_draft,true,swehockey,malcomgastrin,https://stats.swehockey.se/Teams/Info/PlayersByTeam/18268,,,,,,,,,,
2026-086-pierce-mbuyi,2024-25,OHL,OS,4,1,1,2,,pre_draft,false,chl,9191,https://chl.ca/ohl/players/9191,,,,,,,,,,
2026-086-pierce-mbuyi,2024-25,OHL,OS,63,29,23,52,,pre_draft,true,chl,9191,https://chl.ca/ohl/players/9191,,,,,,,,,,
2026-086-pierce-mbuyi,2025-26,OHL,OS,4,1,0,1,,pre_draft,false,chl,9191,https://chl.ca/ohl/stats/players/85/all/points,,,,,,,,,,
2026-086-pierce-mbuyi,2025-26,OHL,OS,68,32,43,75,,pre_draft,true,chl,9191,https://chl.ca/ohl/stats/players/83/all/points,,,,,,,,,,
2026-087-oscar-holmertz,2025-26,SHL,Linköping HC,11,0,0,0,,pre_draft,true,swehockey,oscarholmertz,https://stats.swehockey.se/Teams/Info/PlayersByTeam/18263,,,,,,,,,,
2026-087-oscar-holmertz,2025-26,Sweden Jrs.,Linköping HC,5,3,2,5,,pre_draft,false,swehockey,oscarholmertz,https://stats.swehockey.se/Teams/Info/PlayersByTeam/19943,,,,,,,,,,
2026-087-oscar-holmertz,2025-26,Sweden Jrs.,Linköping HC,34,13,23,36,,pre_draft,true,swehockey,oscarholmertz,https://stats.swehockey.se/Teams/Info/PlayersByTeam/18269,,,,,,,,,,
2026-088-nils-bartholdsson,2025-26,SHL,Rögle BK,3,0,0,0,,pre_draft,false,swehockey,nilsbartholdsson,https://stats.swehockey.se/Teams/Info/PlayersByTeam/19791,,,,,,,,,,
2026-088-nils-bartholdsson,2025-26,SHL,Rögle BK,5,0,0,0,,pre_draft,true,swehockey,nilsbartholdsson,https://stats.swehockey.se/Teams/Info/PlayersByTeam/18263,,,,,,,,,,
2026-088-nils-bartholdsson,2025-26,Sweden Jrs.,Rögle BK,9,9,8,17,,pre_draft,false,swehockey,nilsbartholdsson,https://stats.swehockey.se/Teams/Info/PlayersByTeam/19943,,,,,,,,,,
2026-088-nils-bartholdsson,2025-26,Sweden Jrs.,Rögle BK,32,23,19,42,,pre_draft,true,swehockey,nilsbartholdsson,https://stats.swehockey.se/Teams/Info/PlayersByTeam/18269,,,,,,,,,,
2026-089-yegor-rybkin,2025-26,MHL,Chaika Nizhny Novgorod,11,0,0,0,,pre_draft,true,open-stats,2026-ep-pdf-page-249,Draft26.pdf#page=249,491,246,225,21,0.915,2.56,5,2,0,0
2026-091-louis-felix-bourque,2024-25,QMJHL,Dru,1,0,0,0,,pre_draft,true,chl,21308,https://chl.ca/lhjmq/en/players/21308/,,,,,,,,,,
2026-091-louis-felix-bourque,2025-26,QMJHL,Dru,5,0,1,1,,pre_draft,false,chl,21308,https://chl.ca/lhjmq/en/stats/players/212/all/points,,,,,,,,,,
2026-091-louis-felix-bourque,2025-26,QMJHL,Dru,54,24,25,49,,pre_draft,true,chl,21308,https://chl.ca/lhjmq/en/stats/players/211/all/points,,,,,,,,,,
2026-092-benjamin-wilmott,2025-26,OHL,BAR,20,11,11,22,,pre_draft,false,chl,9440,https://chl.ca/ohl/stats/players/85/all/points,,,,,,,,,,
2026-092-benjamin-wilmott,2025-26,OHL,BAR,66,27,39,66,,pre_draft,true,chl,9440,https://chl.ca/ohl/stats/players/83/all/points,,,,,,,,,,
2026-093-cooper-cleaves,2025-26,NCAA,Dartmouth,30,4,6,10,,pre_draft,true,collegehockeyinc,60055,https://collegehockeyinc.com/players/career/60055,,,,,,,,,,
2026-094-alessandro-di-iorio,2024-25,OHL,SAR,58,11,27,38,,pre_draft,true,chl,9124,https://chl.ca/ohl/players/9124,,,,,,,,,,
2026-094-alessandro-di-iorio,2025-26,OHL,SAR,45,12,19,31,,pre_draft,true,chl,9124,https://chl.ca/ohl/stats/players/83/all/points,,,,,,,,,,
2026-095-sean-burick,2025-26,WHL,PEN,12,0,2,2,,pre_draft,false,chl,30119,https://chl.ca/whl/stats/players/293/all/points,,,,,,,,,,
2026-095-sean-burick,2025-26,WHL,PEN,50,0,4,4,,pre_draft,true,chl,30119,https://chl.ca/whl/stats/players/289/all/points,,,,,,,,,,
2026-096-adam-valentini,2025-26,NCAA,Michigan,40,11,16,27,,pre_draft,true,collegehockeyinc,61093,https://collegehockeyinc.com/players/career/61093,,,,,,,,,,
2026-097-yaroslav-bryzgalov,2025-26,WHL,MH,15,2,12,14,,pre_draft,false,chl,30288,https://chl.ca/whl/stats/players/293/all/points,,,,,,,,,,
2026-097-yaroslav-bryzgalov,2025-26,WHL,MH,64,13,42,55,,pre_draft,true,chl,30288,https://chl.ca/whl/stats/players/289/all/points,,,,,,,,,,
2026-098-jonas-kemps,2024-25,USHL,NTDP,30,0,4,4,,pre_draft,true,ushl,10600,https://ushl.com/ht/#/player/10600/85/Jonas%20Kemps,,,,,,,,,,
2026-098-jonas-kemps,2025-26,USHL,CHI,57,2,7,9,,pre_draft,true,ushl,10600,https://ushl.com/ht/#/player/10600/88/Jonas%20Kemps,,,,,,,,,,
2026-099-viktor-fedorov,2025-26,KHL,Torpedo Nizhny Novgorod,13,1,3,4,,pre_draft,true,open-stats,2026-khl-regular-viktor-fyodorov,https://www.eliteprospects.com/league/khl/stats/2025-2026,,,,,,,,,,
2026-099-viktor-fedorov,2025-26,MHL,Chaika Nizhny Novgorod,17,6,4,10,,pre_draft,false,open-stats,2026-mhl-playoffs-viktor-fyodorov,https://www.eliteprospects.com/league/mhl/stats/2025-2026/playoffs,,,,,,,,,,
2026-099-viktor-fedorov,2025-26,MHL,Chaika Nizhny Novgorod,18,3,7,10,,pre_draft,true,open-stats,2026-mhl-regular-viktor-fyodorov,https://www.eliteprospects.com/league/mhl/stats/2025-2026,,,,,,,,,,
2026-099-viktor-fedorov,2025-26,VHL,Torpedo-Gorky NN,32,2,6,8,,pre_draft,true,open-stats,2026-vhl-regular-viktor-fyodorov,https://www.flashscore.ca/player/fyodorov-viktor/WYRc0Qo9/,,,,,,,,,,
2026-100-egor-barabanov,2025-26,OHL,SAG,4,1,3,4,,pre_draft,false,chl,9386,https://chl.ca/ohl/stats/players/85/all/points,,,,,,,,,,
2026-100-egor-barabanov,2025-26,OHL,SAG,68,28,63,91,,pre_draft,true,chl,9386,https://chl.ca/ohl/stats/players/83/all/points,,,,,,,,,,
2026-101-tyus-sparks,2024-25,WHL,VAN,5,0,0,0,,pre_draft,false,chl,29769,https://chl.ca/whl/players/29769,,,,,,,,,,
2026-101-tyus-sparks,2024-25,WHL,VAN,53,11,6,17,,pre_draft,true,chl,29769,https://chl.ca/whl/players/29769,,,,,,,,,,
2026-101-tyus-sparks,2025-26,WHL,SPO,5,2,1,3,,pre_draft,false,chl,29769,https://chl.ca/whl/stats/players/293/all/points,,,,,,,,,,
2026-101-tyus-sparks,2025-26,WHL,SPO,69,28,37,65,,pre_draft,true,chl,29769,https://chl.ca/whl/stats/players/289/all/points,,,,,,,,,,
2026-102-spencer-bowes,2024-25,OHL,OTT,5,0,0,0,,pre_draft,true,chl,9321,https://chl.ca/ohl/players/9321,,,,,,,,,,
2026-102-spencer-bowes,2025-26,OHL,OTT,9,4,4,8,,pre_draft,false,chl,9321,https://chl.ca/ohl/stats/players/85/all/points,,,,,,,,,,
2026-102-spencer-bowes,2025-26,OHL,OTT,67,23,19,42,,pre_draft,true,chl,9321,https://chl.ca/ohl/stats/players/83/all/points,,,,,,,,,,
2026-103-thomas-vandenberg,2025-26,OHL,OTT,9,4,3,7,,pre_draft,false,chl,9524,https://chl.ca/ohl/stats/players/85/all/points,,,,,,,,,,
2026-103-thomas-vandenberg,2025-26,OHL,OTT,59,25,25,50,,pre_draft,true,chl,9524,https://chl.ca/ohl/stats/players/83/all/points,,,,,,,,,,
2026-104-matvei-kotkov,2025-26,MHL,Loko Yaroslavl,18,9,6,15,,pre_draft,false,open-stats,2026-mhl-playoffs-matvei-kotkov,https://www.eliteprospects.com/league/mhl/stats/2025-2026/playoffs,,,,,,,,,,
2026-104-matvei-kotkov,2025-26,MHL,Loko Yaroslavl,37,14,17,31,,pre_draft,true,open-stats,2026-mhl-regular-matvei-kotkov,https://www.eliteprospects.com/league/mhl/stats/2025-2026,,,,,,,,,,
2026-105-michael-berchild,2024-25,USHL,NTDP,34,14,7,21,,pre_draft,true,ushl,10608,https://ushl.com/ht/#/player/10608/85/Michael%20Berchild,,,,,,,,,,
2026-105-michael-berchild,2025-26,USHL,NTDP,21,8,11,19,,pre_draft,true,ushl,10608,https://ushl.com/ht/#/player/10608/88/Michael%20Berchild,,,,,,,,,,
2026-107-landon-nycz,2025-26,NCAA,Massachusetts,35,1,2,3,,pre_draft,true,collegehockeyinc,61729,https://collegehockeyinc.com/players/career/61729,,,,,,,,,,
2026-108-adam-levac,2024-25,OHL,PBO,57,6,4,10,,pre_draft,true,chl,9226,https://chl.ca/ohl/players/9226,,,,,,,,,,
2026-108-adam-levac,2025-26,OHL,PBO,6,2,2,4,,pre_draft,false,chl,9226,https://chl.ca/ohl/stats/players/85/all/points,,,,,,,,,,
2026-108-adam-levac,2025-26,OHL,PBO,60,16,28,44,,pre_draft,true,chl,9226,https://chl.ca/ohl/stats/players/83/all/points,,,,,,,,,,
2026-109-lincoln-kuehne,2025-26,NCAA,Arizona State,30,1,1,2,,pre_draft,true,collegehockeyinc,60996,https://collegehockeyinc.com/players/career/60996,,,,,,,,,,
2026-111-parker-von-richter,2022-23,OHL,MISS,6,0,0,0,,pre_draft,false,chl,8733,https://chl.ca/ohl/stats/players/74/all/points,,,,,,,,,,
2026-111-parker-von-richter,2022-23,OHL,MISS,66,2,13,15,,pre_draft,true,chl,8733,https://chl.ca/ohl/stats/players/73/all/points,,,,,,,,,,
2026-111-parker-von-richter,2023-24,OHL,MISS,5,0,0,0,,pre_draft,false,chl,8733,https://chl.ca/ohl/stats/players/77/all/points,,,,,,,,,,
2026-111-parker-von-richter,2023-24,OHL,MISS,65,3,22,25,,pre_draft,true,chl,8733,https://chl.ca/ohl/stats/players/76/all/points,,,,,,,,,,
2026-111-parker-von-richter,2024-25,OHL,BRAM,6,0,1,1,,pre_draft,false,chl,8733,https://chl.ca/ohl/players/8733,,,,,,,,,,
2026-111-parker-von-richter,2024-25,OHL,BRAM,62,8,22,30,,pre_draft,true,chl,8733,https://chl.ca/ohl/players/8733,,,,,,,,,,
2026-111-parker-von-richter,2025-26,OHL,BAR,21,2,12,14,,pre_draft,false,chl,8733,https://chl.ca/ohl/stats/players/85/all/points,,,,,,,,,,
2026-111-parker-von-richter,2025-26,OHL,BAR,66,12,37,49,,pre_draft,true,chl,8733,https://chl.ca/ohl/stats/players/83/all/points,,,,,,,,,,
2026-112-kayden-lemire,2024-25,WHL,PG,7,0,0,0,,pre_draft,false,chl,29473,https://chl.ca/whl/players/29473,,,,,,,,,,
2026-112-kayden-lemire,2024-25,WHL,PG,66,4,2,6,,pre_draft,true,chl,29473,https://chl.ca/whl/players/29473,,,,,,,,,,
2026-112-kayden-lemire,2025-26,WHL,PG,12,1,3,4,,pre_draft,false,chl,29473,https://chl.ca/whl/stats/players/293/all/points,,,,,,,,,,
2026-112-kayden-lemire,2025-26,WHL,PG,68,9,20,29,,pre_draft,true,chl,29473,https://chl.ca/whl/stats/players/289/all/points,,,,,,,,,,
2026-113-jonah-sivertson,2024-25,WHL,PA,14,0,2,2,,pre_draft,true,chl,29417,https://chl.ca/whl/players/29417,,,,,,,,,,
2026-113-jonah-sivertson,2025-26,WHL,PA,20,3,7,10,,pre_draft,false,chl,29417,https://chl.ca/whl/stats/players/293/all/points,,,,,,,,,,
2026-113-jonah-sivertson,2025-26,WHL,PA,66,24,29,53,,pre_draft,true,chl,29417,https://chl.ca/whl/stats/players/289/all/points,,,,,,,,,,
2026-115-carl-axelsson,2024-25,USHL,SF,4,,,,,pre_draft,true,ushl,10535,https://ushl.com/ht/#/player/10535/85/Carl%20Axelsson,170,86,72,14,0.837,4.95,1,1,0,0
2026-115-carl-axelsson,2025-26,USHL,MKG,16,,,,,pre_draft,false,ushl,10535,https://ushl.com/ht/#/player/10535/90/Carl%20Axelsson,993,409,373,36,0.912,2.17,9,6,1,0
2026-115-carl-axelsson,2025-26,USHL,MKG,44,,,,,pre_draft,true,ushl,10535,https://ushl.com/ht/#/player/10535/88/Carl%20Axelsson,2540,1243,1138,105,0.916,2.48,28,14,1,2
2026-116-zach-wooten,2023-24,USHL,TC,5,0,0,0,,pre_draft,true,ushl,10298,https://ushl.com/ht/#/player/10298/82/Zach%20Wooten,,,,,,,,,,
2026-116-zach-wooten,2024-25,USHL,GB,2,0,0,0,,pre_draft,false,ushl,10298,https://ushl.com/ht/#/player/10298/87/Zach%20Wooten,,,,,,,,,,
2026-116-zach-wooten,2024-25,USHL,GB,49,11,7,18,,pre_draft,true,ushl,10298,https://ushl.com/ht/#/player/10298/85/Zach%20Wooten,,,,,,,,,,
2026-116-zach-wooten,2025-26,USHL,GB,2,2,0,2,,pre_draft,false,ushl,10298,https://ushl.com/ht/#/player/10298/90/Zach%20Wooten,,,,,,,,,,
2026-116-zach-wooten,2025-26,USHL,GB,61,35,27,62,,pre_draft,true,ushl,10298,https://ushl.com/ht/#/player/10298/88/Zach%20Wooten,,,,,,,,,,
2026-117-brayden-klimpke,2023-24,WHL,SAS,13,1,2,3,,pre_draft,true,chl,29162,https://chl.ca/whl/stats/players/281/all/points,,,,,,,,,,
2026-117-brayden-klimpke,2024-25,WHL,SAS,4,0,3,3,,pre_draft,false,chl,29162,https://chl.ca/whl/players/29162,,,,,,,,,,
2026-117-brayden-klimpke,2024-25,WHL,SAS,59,3,23,26,,pre_draft,true,chl,29162,https://chl.ca/whl/players/29162,,,,,,,,,,
2026-117-brayden-klimpke,2025-26,WHL,SAS,11,1,4,5,,pre_draft,false,chl,29162,https://chl.ca/whl/stats/players/293/all/points,,,,,,,,,,
2026-117-brayden-klimpke,2025-26,WHL,SAS,68,4,43,47,,pre_draft,true,chl,29162,https://chl.ca/whl/stats/players/289/all/points,,,,,,,,,,
2026-118-justin-graf,2025-26,USHL,CR,52,23,32,55,,pre_draft,true,ushl,10994,https://ushl.com/ht/#/player/10994/88/Justin%20Graf,,,,,,,,,,
2026-119-lavr-gashilov,2025-26,MHL,Avto Yekaterinburg,15,3,5,8,,pre_draft,false,open-stats,2026-mhl-playoffs-lavr-gashilov,https://www.eliteprospects.com/league/mhl/stats/2025-2026/playoffs,,,,,,,,,,
2026-119-lavr-gashilov,2025-26,MHL,Avto Yekaterinburg,51,16,53,69,,pre_draft,true,open-stats,2026-mhl-regular-lavr-gashilov,https://www.eliteprospects.com/league/mhl/stats/2025-2026,,,,,,,,,,
2026-120-marek-sklenicka,2025-26,WHL,SEA,4,0,0,0,,pre_draft,false,chl,30303,https://chl.ca/whl/stats/players/293/all/points,,,,,,,,,,
2026-120-marek-sklenicka,2025-26,WHL,SEA,42,0,1,1,,pre_draft,true,chl,30303,https://chl.ca/whl/stats/players/289/all/points,,,,,,,,,,
2026-121-evan-jardine,2023-24,USHL,YNG,5,0,0,0,,pre_draft,false,ushl,10304,https://ushl.com/ht/#/player/10304/84/Evan%20Jardine,,,,,,,,,,
2026-121-evan-jardine,2023-24,USHL,YNG,12,7,4,11,,pre_draft,true,ushl,10304,https://ushl.com/ht/#/player/10304/82/Evan%20Jardine,,,,,,,,,,
2026-121-evan-jardine,2024-25,USHL,YNG,3,0,1,1,,pre_draft,false,ushl,10304,https://ushl.com/ht/#/player/10304/87/Evan%20Jardine,,,,,,,,,,
2026-121-evan-jardine,2024-25,USHL,YNG,62,20,24,44,,pre_draft,true,ushl,10304,https://ushl.com/ht/#/player/10304/85/Evan%20Jardine,,,,,,,,,,
2026-121-evan-jardine,2025-26,USHL,YNG,4,1,2,3,,pre_draft,false,ushl,10304,https://ushl.com/ht/#/player/10304/90/Evan%20Jardine,,,,,,,,,,
2026-121-evan-jardine,2025-26,USHL,YNG,53,27,34,61,,pre_draft,true,ushl,10304,https://ushl.com/ht/#/player/10304/88/Evan%20Jardine,,,,,,,,,,
2026-122-oscar-olsson,2025-26,Sweden Jrs.,Örebro HK,12,5,0,5,,pre_draft,false,swehockey,oscarolsson,https://stats.swehockey.se/Teams/Info/PlayersByTeam/19943,,,,,,,,,,
2026-122-oscar-olsson,2025-26,Sweden Jrs.,Örebro HK,32,14,16,30,,pre_draft,true,swehockey,oscarolsson,https://stats.swehockey.se/Teams/Info/PlayersByTeam/18269,,,,,,,,,,
2026-123-vladimir-proskurin,2025-26,MHL,MHK Atlant Mytishchi,41,0,0,0,,pre_draft,true,open-stats,2026-ep-pdf-page-186,Draft26.pdf#page=186,2183,1374,1266,108,0.921,2.97,14,21,1,2
2026-124-olivers-murnieks,2025-26,QMJHL,SNB,31,7,13,20,,pre_draft,true,chl,23759,https://chl.ca/lhjmq/en/stats/players/211/all/points,,,,,,,,,,
2026-125-ryder-fetterolf,2025-26,OHL,OTT,9,0,0,0,,pre_draft,false,chl,9513,https://chl.ca/ohl/stats/players/85/all/points,,,,,,,,,,
2026-125-ryder-fetterolf,2025-26,OHL,OTT,41,0,1,1,,pre_draft,true,chl,9513,https://chl.ca/ohl/stats/players/83/all/points,,,,,,,,,,
2026-126-tobias-tvrznik,2025-26,WHL,WEN,39,0,1,1,,pre_draft,true,chl,30226,https://chl.ca/whl/stats/players/289/all/points,,,,,,,,,,
2026-127-brady-knowling,2024-25,USHL,NTDP,13,,,,,pre_draft,true,ushl,10597,https://ushl.com/ht/#/player/10597/85/Brady%20Knowling,571,348,283,65,0.813,6.83,1,7,0,0
2026-127-brady-knowling,2025-26,USHL,NTDP,15,,,,,pre_draft,true,ushl,10597,https://ushl.com/ht/#/player/10597/88/Brady%20Knowling,865,422,374,48,0.886,3.33,8,5,0,0
2026-128-axel-elofsson,2025-26,SHL,Örebro HK,6,0,0,0,,pre_draft,true,swehockey,axelelofsson,https://stats.swehockey.se/Teams/Info/PlayersByTeam/18263,,,,,,,,,,
2026-128-axel-elofsson,2025-26,Sweden Jrs.,Örebro HK,14,2,9,11,,pre_draft,false,swehockey,axelelofsson,https://stats.swehockey.se/Teams/Info/PlayersByTeam/19943,,,,,,,,,,
2026-128-axel-elofsson,2025-26,Sweden Jrs.,Örebro HK,32,9,32,41,,pre_draft,true,swehockey,axelelofsson,https://stats.swehockey.se/Teams/Info/PlayersByTeam/18269,,,,,,,,,,
2026-129-connor-davis,2024-25,USHL,CR,1,0,0,0,,pre_draft,true,ushl,10767,https://ushl.com/ht/#/player/10767/85/Connor%20Davis,,,,,,,,,,
2026-129-connor-davis,2025-26,USHL,CR,2,2,0,2,,pre_draft,false,ushl,10767,https://ushl.com/ht/#/player/10767/90/Connor%20Davis,,,,,,,,,,
2026-129-connor-davis,2025-26,USHL,CR,59,26,29,55,,pre_draft,true,ushl,10767,https://ushl.com/ht/#/player/10767/88/Connor%20Davis,,,,,,,,,,
2026-130-theodor-knights,2025-26,Sweden Jrs.,MoDo Hockey,5,0,0,0,,pre_draft,false,swehockey,theodorknights,https://stats.swehockey.se/Teams/Info/PlayersByTeam/19943,,,,,,,,,,
2026-130-theodor-knights,2025-26,Sweden Jrs.,MoDo Hockey,24,0,2,2,,pre_draft,true,swehockey,theodorknights,https://stats.swehockey.se/Teams/Info/PlayersByTeam/18268,,,,,,,,,,
2026-133-andrew-robinson,2024-25,OHL,WSR,12,1,2,3,,pre_draft,false,chl,9358,https://chl.ca/ohl/players/9358,,,,,,,,,,
2026-133-andrew-robinson,2024-25,OHL,WSR,4,0,0,0,,pre_draft,true,chl,9358,https://chl.ca/ohl/players/9358,,,,,,,,,,
2026-133-andrew-robinson,2025-26,OHL,WSR,13,2,6,8,,pre_draft,false,chl,9358,https://chl.ca/ohl/stats/players/85/all/points,,,,,,,,,,
2026-133-andrew-robinson,2025-26,OHL,WSR,63,9,15,24,,pre_draft,true,chl,9358,https://chl.ca/ohl/stats/players/83/all/points,,,,,,,,,,
2026-134-morgan-anderberg,2025-26,SHL,Växjö Lakers HC,10,1,2,3,,pre_draft,false,swehockey,morgananderberg,https://stats.swehockey.se/Teams/Info/PlayersByTeam/19791,,,,,,,,,,
2026-134-morgan-anderberg,2025-26,SHL,Växjö Lakers HC,39,2,1,3,,pre_draft,true,swehockey,morgananderberg,https://stats.swehockey.se/Teams/Info/PlayersByTeam/18263,,,,,,,,,,
2026-134-morgan-anderberg,2025-26,Sweden Jrs.,Växjö Lakers HC,9,2,8,10,,pre_draft,true,swehockey,morgananderberg,https://stats.swehockey.se/Teams/Info/PlayersByTeam/18269,,,,,,,,,,
2026-135-alexandre-taillefer,2024-25,QMJHL,Que,4,0,0,0,,pre_draft,false,chl,21392,https://chl.ca/lhjmq/en/players/21392/,,,,,,,,,,
2026-135-alexandre-taillefer,2024-25,QMJHL,Que,40,3,4,7,,pre_draft,true,chl,21392,https://chl.ca/lhjmq/en/players/21392/,,,,,,,,,,
2026-135-alexandre-taillefer,2025-26,QMJHL,Que,28,2,15,17,,pre_draft,true,chl,21392,https://chl.ca/lhjmq/en/stats/players/211/all/points,,,,,,,,,,
2026-137-filip-ruzicka,2025-26,WHL,BDN,4,0,0,0,,pre_draft,false,chl,30313,https://chl.ca/whl/stats/players/293/all/points,,,,,,,,,,
2026-137-filip-ruzicka,2025-26,WHL,BDN,42,0,0,0,,pre_draft,true,chl,30313,https://chl.ca/whl/stats/players/289/all/points,,,,,,,,,,
2026-138-philip-hemmyr,2025-26,HockeyAllsvenskan,IF Björklöven,6,0,1,1,,pre_draft,false,swehockey,philiphemmyr,https://stats.swehockey.se/Teams/Info/PlayersByTeam/19979,,,,,,,,,,
2026-138-philip-hemmyr,2025-26,HockeyAllsvenskan,IF Björklöven,36,6,6,12,,pre_draft,true,swehockey,philiphemmyr,https://stats.swehockey.se/Teams/Info/PlayersByTeam/18266,,,,,,,,,,
2026-138-philip-hemmyr,2025-26,Sweden Jrs.,IF Björklöven,27,19,25,44,,pre_draft,true,swehockey,philiphemmyr,https://stats.swehockey.se/Teams/Info/PlayersByTeam/18268,,,,,,,,,,
2026-139-nicholas-bogas,2024-25,USHL,WAT,15,0,3,3,,pre_draft,false,ushl,10570,https://ushl.com/ht/#/player/10570/87/Nick%20Bogas,,,,,,,,,,
2026-139-nicholas-bogas,2024-25,USHL,WAT,60,1,10,11,,pre_draft,true,ushl,10570,https://ushl.com/ht/#/player/10570/85/Nick%20Bogas,,,,,,,,,,
2026-139-nicholas-bogas,2025-26,USHL,NTDP,17,0,2,2,,pre_draft,true,ushl,10570,https://ushl.com/ht/#/player/10570/88/Nick%20Bogas,,,,,,,,,,
2026-140-cole-tuminaro,2023-24,USHL,SC,1,0,0,0,,pre_draft,false,ushl,10076,https://ushl.com/ht/#/player/10076/84/Cole%20Tuminaro,,,,,,,,,,
2026-140-cole-tuminaro,2023-24,USHL,SC,42,1,5,6,,pre_draft,true,ushl,10076,https://ushl.com/ht/#/player/10076/82/Cole%20Tuminaro,,,,,,,,,,
2026-140-cole-tuminaro,2024-25,USHL,SC,1,0,0,0,,pre_draft,true,ushl,10076,https://ushl.com/ht/#/player/10076/85/Cole%20Tuminaro,,,,,,,,,,
2026-140-cole-tuminaro,2025-26,USHL,CHI,54,5,11,16,,pre_draft,true,ushl,10076,https://ushl.com/ht/#/player/10076/88/Cole%20Tuminaro,,,,,,,,,,
2026-141-vladimir-dravecky,2025-26,OHL,BFD,11,0,3,3,,pre_draft,false,chl,9656,https://chl.ca/ohl/stats/players/85/all/points,,,,,,,,,,
2026-141-vladimir-dravecky,2025-26,OHL,BFD,58,9,19,28,,pre_draft,true,chl,9656,https://chl.ca/ohl/stats/players/83/all/points,,,,,,,,,,
2026-142-parker-snell,2024-25,WHL,EDM,2,0,0,0,,pre_draft,true,chl,29594,https://chl.ca/whl/players/29594,,,,,,,,,,
2026-142-parker-snell,2025-26,WHL,EDM,4,0,0,0,,pre_draft,false,chl,29594,https://chl.ca/whl/stats/players/293/all/points,,,,,,,,,,
2026-142-parker-snell,2025-26,WHL,EDM,33,0,1,1,,pre_draft,true,chl,29594,https://chl.ca/whl/stats/players/289/all/points,,,,,,,,,,
2026-143-beckham-edwards,2024-25,OHL,SAR,62,25,20,45,,pre_draft,true,chl,9123,https://chl.ca/ohl/players/9123,,,,,,,,,,
2026-143-beckham-edwards,2025-26,OHL,SAR,64,19,26,45,,pre_draft,true,chl,9123,https://chl.ca/ohl/stats/players/83/all/points,,,,,,,,,,
2026-146-eric-frossard,2024-25,OHL,GUE,30,0,2,2,,pre_draft,true,chl,9318,https://chl.ca/ohl/players/9318,,,,,,,,,,
2026-146-eric-frossard,2025-26,OHL,GUE,4,0,1,1,,pre_draft,false,chl,9318,https://chl.ca/ohl/stats/players/85/all/points,,,,,,,,,,
2026-146-eric-frossard,2025-26,OHL,GUE,51,5,9,14,,pre_draft,true,chl,9318,https://chl.ca/ohl/stats/players/83/all/points,,,,,,,,,,
2026-147-florent-houle,2024-25,QMJHL,She,8,0,2,2,,pre_draft,false,chl,21391,https://chl.ca/lhjmq/en/players/21391/,,,,,,,,,,
2026-147-florent-houle,2024-25,QMJHL,She,61,11,23,34,,pre_draft,true,chl,21391,https://chl.ca/lhjmq/en/players/21391/,,,,,,,,,,
2026-147-florent-houle,2025-26,QMJHL,She,7,5,1,6,,pre_draft,false,chl,21391,https://chl.ca/lhjmq/en/stats/players/212/all/points,,,,,,,,,,
2026-147-florent-houle,2025-26,QMJHL,She,52,19,22,41,,pre_draft,true,chl,21391,https://chl.ca/lhjmq/en/stats/players/211/all/points,,,,,,,,,,
2026-150-carter-stevens,2024-25,OHL,GUE,66,13,13,26,,pre_draft,true,chl,9160,https://chl.ca/ohl/players/9160,,,,,,,,,,
2026-150-carter-stevens,2025-26,OHL,GUE,4,1,0,1,,pre_draft,false,chl,9160,https://chl.ca/ohl/stats/players/85/all/points,,,,,,,,,,
2026-150-carter-stevens,2025-26,OHL,GUE,53,20,16,36,,pre_draft,true,chl,9160,https://chl.ca/ohl/stats/players/83/all/points,,,,,,,,,,
2026-151-harris-pangretitsch,2025-26,OHL,SOO,10,0,1,1,,pre_draft,false,chl,9573,https://chl.ca/ohl/stats/players/85/all/points,,,,,,,,,,
2026-151-harris-pangretitsch,2025-26,OHL,SOO,67,2,12,14,,pre_draft,true,chl,9573,https://chl.ca/ohl/stats/players/83/all/points,,,,,,,,,,
2026-153-giorgos-pantelas,2023-24,WHL,BDN,1,0,0,0,,pre_draft,true,chl,29452,https://chl.ca/whl/stats/players/281/all/points,,,,,,,,,,
2026-153-giorgos-pantelas,2024-25,WHL,BDN,5,0,2,2,,pre_draft,false,chl,29452,https://chl.ca/whl/players/29452,,,,,,,,,,
2026-153-giorgos-pantelas,2024-25,WHL,BDN,61,4,6,10,,pre_draft,true,chl,29452,https://chl.ca/whl/players/29452,,,,,,,,,,
2026-153-giorgos-pantelas,2025-26,WHL,BDN,4,0,0,0,,pre_draft,false,chl,29452,https://chl.ca/whl/stats/players/293/all/points,,,,,,,,,,
2026-153-giorgos-pantelas,2025-26,WHL,BDN,68,6,31,37,,pre_draft,true,chl,29452,https://chl.ca/whl/stats/players/289/all/points,,,,,,,,,,
2026-154-cooper-soller,2024-25,USHL,SF,1,0,0,0,,pre_draft,true,ushl,10788,https://ushl.com/ht/#/player/10788/85/Cooper%20Soller,,,,,,,,,,
2026-154-cooper-soller,2025-26,USHL,SF,14,1,3,4,,pre_draft,false,ushl,10788,https://ushl.com/ht/#/player/10788/90/Cooper%20Soller,,,,,,,,,,
2026-154-cooper-soller,2025-26,USHL,SF,62,26,23,49,,pre_draft,true,ushl,10788,https://ushl.com/ht/#/player/10788/88/Cooper%20Soller,,,,,,,,,,
2026-155-ryan-brown,2023-24,OHL,SAR,49,11,9,20,,pre_draft,true,chl,8920,https://chl.ca/ohl/stats/players/76/all/points,,,,,,,,,,
2026-155-ryan-brown,2024-25,OHL,SAR,68,16,25,41,,pre_draft,true,chl,8920,https://chl.ca/ohl/players/8920,,,,,,,,,,
2026-155-ryan-brown,2025-26,OHL,LDN,5,3,2,5,,pre_draft,false,chl,8920,https://chl.ca/ohl/stats/players/85/all/points,,,,,,,,,,
2026-155-ryan-brown,2025-26,OHL,LDN,67,22,41,63,,pre_draft,true,chl,8920,https://chl.ca/ohl/stats/players/83/all/points,,,,,,,,,,
2026-158-cooper-williams,2024-25,WHL,SAS,4,0,2,2,,pre_draft,false,chl,29428,https://chl.ca/whl/players/29428,,,,,,,,,,
2026-158-cooper-williams,2024-25,WHL,SAS,68,21,36,57,,pre_draft,true,chl,29428,https://chl.ca/whl/players/29428,,,,,,,,,,
2026-158-cooper-williams,2025-26,WHL,SAS,11,2,4,6,,pre_draft,false,chl,29428,https://chl.ca/whl/stats/players/293/all/points,,,,,,,,,,
2026-158-cooper-williams,2025-26,WHL,SAS,66,23,34,57,,pre_draft,true,chl,29428,https://chl.ca/whl/stats/players/289/all/points,,,,,,,,,,
2026-159-will-mclaughlin,2025-26,WHL,POR,4,0,0,0,,pre_draft,false,chl,29946,https://chl.ca/whl/stats/players/293/all/points,,,,,,,,,,
2026-159-will-mclaughlin,2025-26,WHL,POR,68,9,21,30,,pre_draft,true,chl,29946,https://chl.ca/whl/stats/players/289/all/points,,,,,,,,,,
2026-161-yaroslav-fedoseyev,2025-26,KHL,Traktor Chelyabinsk,6,1,0,1,,pre_draft,true,open-stats,2026-khl-regular-yaroslav-fedoseyev,https://www.eliteprospects.com/league/khl/stats/2025-2026,,,,,,,,,,
2026-161-yaroslav-fedoseyev,2025-26,MHL,Belye Medvedi Chelyabinsk,24,2,11,13,,pre_draft,true,open-stats,2026-mhl-regular-yaroslav-fedoseyev,https://www.eliteprospects.com/league/mhl/stats/2025-2026,,,,,,,,,,
2026-162-andre-mondoux,2024-25,OHL,KGN,8,0,1,1,,pre_draft,true,chl,9307,https://chl.ca/ohl/players/9307,,,,,,,,,,
2026-162-andre-mondoux,2025-26,OHL,KGN,4,0,0,0,,pre_draft,false,chl,9307,https://chl.ca/ohl/stats/players/85/all/points,,,,,,,,,,
2026-162-andre-mondoux,2025-26,OHL,KGN,66,6,12,18,,pre_draft,true,chl,9307,https://chl.ca/ohl/stats/players/83/all/points,,,,,,,,,,
2026-163-darian-anderson,2025-26,OHL,FLNT,8,6,7,13,,pre_draft,false,chl,9662,https://chl.ca/ohl/stats/players/85/all/points,,,,,,,,,,
2026-163-darian-anderson,2025-26,OHL,FLNT,60,20,25,45,,pre_draft,true,chl,9662,https://chl.ca/ohl/stats/players/83/all/points,,,,,,,,,,
2026-164-bode-laylin,2023-24,USHL,TC,6,0,0,0,,pre_draft,false,ushl,10378,https://ushl.com/ht/#/player/10378/84/Bode%20Laylin,,,,,,,,,,
2026-164-bode-laylin,2023-24,USHL,TC,9,0,0,0,,pre_draft,true,ushl,10378,https://ushl.com/ht/#/player/10378/82/Bode%20Laylin,,,,,,,,,,
2026-164-bode-laylin,2024-25,USHL,TC,2,0,1,1,,pre_draft,false,ushl,10378,https://ushl.com/ht/#/player/10378/87/Bode%20Laylin,,,,,,,,,,
2026-164-bode-laylin,2024-25,USHL,TC,59,2,17,19,,pre_draft,true,ushl,10378,https://ushl.com/ht/#/player/10378/85/Bode%20Laylin,,,,,,,,,,
2026-164-bode-laylin,2025-26,USHL,TC,2,1,1,2,,pre_draft,false,ushl,10378,https://ushl.com/ht/#/player/10378/90/Bode%20Laylin,,,,,,,,,,
2026-164-bode-laylin,2025-26,USHL,TC,55,11,27,38,,pre_draft,true,ushl,10378,https://ushl.com/ht/#/player/10378/88/Bode%20Laylin,,,,,,,,,,
2026-165-zachary-jovanovski,2025-26,OHL,GUE,4,0,0,0,,pre_draft,false,chl,9167,https://chl.ca/ohl/stats/players/85/all/points,,,,,,,,,,
2026-165-zachary-jovanovski,2025-26,OHL,GUE,52,0,1,1,,pre_draft,true,chl,9167,https://chl.ca/ohl/stats/players/83/all/points,,,,,,,,,,
2026-166-ola-palme,2025-26,SHL,Växjö Lakers HC,5,0,0,0,,pre_draft,true,swehockey,olapalme,https://stats.swehockey.se/Teams/Info/PlayersByTeam/18263,,,,,,,,,,
2026-166-ola-palme,2025-26,Sweden Jrs.,Växjö Lakers HC,5,1,7,8,,pre_draft,false,swehockey,olapalme,https://stats.swehockey.se/Teams/Info/PlayersByTeam/19943,,,,,,,,,,
2026-166-ola-palme,2025-26,Sweden Jrs.,Växjö Lakers HC,20,5,9,14,,pre_draft,true,swehockey,olapalme,https://stats.swehockey.se/Teams/Info/PlayersByTeam/18269,,,,,,,,,,
2026-167-landon-hafele,2023-24,USHL,NTDP,30,1,4,5,,pre_draft,true,ushl,10254,https://ushl.com/ht/#/player/10254/82/Landon%20Hafele,,,,,,,,,,
2026-167-landon-hafele,2024-25,USHL,NTDP,30,7,5,12,,pre_draft,true,ushl,10254,https://ushl.com/ht/#/player/10254/85/Landon%20Hafele,,,,,,,,,,
2026-167-landon-hafele,2025-26,USHL,GB,2,0,0,0,,pre_draft,false,ushl,10254,https://ushl.com/ht/#/player/10254/90/Landon%20Hafele,,,,,,,,,,
2026-167-landon-hafele,2025-26,USHL,GB,52,15,27,42,,pre_draft,true,ushl,10254,https://ushl.com/ht/#/player/10254/88/Landon%20Hafele,,,,,,,,,,
2026-169-brody-pepoy,2025-26,OHL,SAG,3,0,0,0,,pre_draft,false,chl,9461,https://chl.ca/ohl/stats/players/85/all/points,,,,,,,,,,
2026-169-brody-pepoy,2025-26,OHL,SAG,67,16,13,29,,pre_draft,true,chl,9461,https://chl.ca/ohl/stats/players/83/all/points,,,,,,,,,,
2026-171-lars-steiner,2024-25,QMJHL,Rou,13,4,4,8,,pre_draft,false,chl,21613,https://chl.ca/lhjmq/en/players/21613/,,,,,,,,,,
2026-171-lars-steiner,2024-25,QMJHL,Rou,57,23,37,60,,pre_draft,true,chl,21613,https://chl.ca/lhjmq/en/players/21613/,,,,,,,,,,
2026-171-lars-steiner,2025-26,QMJHL,Rou,17,5,4,9,,pre_draft,false,chl,21613,https://chl.ca/lhjmq/en/stats/players/212/all/points,,,,,,,,,,
2026-171-lars-steiner,2025-26,QMJHL,Rou,44,30,25,55,,pre_draft,true,chl,21613,https://chl.ca/lhjmq/en/stats/players/211/all/points,,,,,,,,,,
2026-172-luke-wilfley,2024-25,WHL,POR,6,0,2,2,,pre_draft,true,chl,29911,https://chl.ca/whl/players/29911,,,,,,,,,,
2026-172-luke-wilfley,2025-26,WHL,POR,4,0,0,0,,pre_draft,false,chl,29911,https://chl.ca/whl/stats/players/293/all/points,,,,,,,,,,
2026-172-luke-wilfley,2025-26,WHL,POR,66,9,6,15,,pre_draft,true,chl,29911,https://chl.ca/whl/stats/players/289/all/points,,,,,,,,,,
2026-173-artyom-matyuk,2025-26,MHL,Chaika Nizhny Novgorod,11,2,6,8,,pre_draft,false,open-stats,2026-mhl-playoffs-artyom-matyuk,https://www.eliteprospects.com/league/mhl/stats/2025-2026/playoffs,,,,,,,,,,
2026-173-artyom-matyuk,2025-26,MHL,Chaika Nizhny Novgorod,54,13,26,39,,pre_draft,true,open-stats,2026-mhl-regular-artyom-matyuk,https://www.eliteprospects.com/league/mhl/stats/2025-2026,,,,,,,,,,
2026-174-jake-gustafson,2025-26,WHL,POR,4,0,0,0,,pre_draft,false,chl,30280,https://chl.ca/whl/stats/players/293/all/points,,,,,,,,,,
2026-174-jake-gustafson,2025-26,WHL,POR,68,13,12,25,,pre_draft,true,chl,30280,https://chl.ca/whl/stats/players/289/all/points,,,,,,,,,,
2026-177-alex-kostov,2022-23,OHL,SOO,52,4,9,13,,pre_draft,true,chl,8813,https://chl.ca/ohl/stats/players/73/all/points,,,,,,,,,,
2026-177-alex-kostov,2023-24,OHL,FLNT,4,0,0,0,,pre_draft,false,chl,8813,https://chl.ca/ohl/stats/players/77/all/points,,,,,,,,,,
2026-177-alex-kostov,2023-24,OHL,FLNT,66,12,14,26,,pre_draft,true,chl,8813,https://chl.ca/ohl/stats/players/76/all/points,,,,,,,,,,
2026-177-alex-kostov,2024-25,OHL,FLNT,5,1,2,3,,pre_draft,false,chl,8813,https://chl.ca/ohl/players/8813,,,,,,,,,,
2026-177-alex-kostov,2024-25,OHL,FLNT,68,16,29,45,,pre_draft,true,chl,8813,https://chl.ca/ohl/players/8813,,,,,,,,,,
2026-177-alex-kostov,2025-26,OHL,FLNT,8,3,6,9,,pre_draft,false,chl,8813,https://chl.ca/ohl/stats/players/85/all/points,,,,,,,,,,
2026-177-alex-kostov,2025-26,OHL,FLNT,47,24,31,55,,pre_draft,true,chl,8813,https://chl.ca/ohl/stats/players/83/all/points,,,,,,,,,,
2026-178-gleb-peshkov,2025-26,MHL,Taifun Primorsky Krai,47,0,0,0,,pre_draft,true,open-stats,2026-mhl-regular-gleb-peshkov,https://www.eliteprospects.com/league/mhl/stats/2025-2026?tab=goalies,2710,1305,1213,92,0.930,2.04,22,15,8,5
2026-179-benjamin-cossette-ayotte,2024-25,QMJHL,VdO,5,0,3,3,,pre_draft,false,chl,21280,https://chl.ca/lhjmq/en/players/21280/,,,,,,,,,,
2026-179-benjamin-cossette-ayotte,2024-25,QMJHL,VdO,56,4,20,24,,pre_draft,true,chl,21280,https://chl.ca/lhjmq/en/players/21280/,,,,,,,,,,
2026-179-benjamin-cossette-ayotte,2025-26,QMJHL,VdO,62,4,34,38,,pre_draft,true,chl,21280,https://chl.ca/lhjmq/en/stats/players/211/all/points,,,,,,,,,,
2026-180-caden-harvey,2025-26,OHL,WSR,13,3,3,6,,pre_draft,false,chl,9599,https://chl.ca/ohl/stats/players/85/all/points,,,,,,,,,,
2026-180-caden-harvey,2025-26,OHL,WSR,68,11,23,34,,pre_draft,true,chl,9599,https://chl.ca/ohl/stats/players/83/all/points,,,,,,,,,,
2026-181-cole-zurawski,2024-25,OHL,FLNT/OS,61,16,15,31,,pre_draft,true,chl,9228,https://chl.ca/ohl/players/9228,,,,,,,,,,
2026-181-cole-zurawski,2024-25,OHL,OS,4,0,0,0,,pre_draft,false,chl,9228,https://chl.ca/ohl/players/9228,,,,,,,,,,
2026-181-cole-zurawski,2025-26,OHL,OS,3,1,1,2,,pre_draft,false,chl,9228,https://chl.ca/ohl/stats/players/85/all/points,,,,,,,,,,
2026-181-cole-zurawski,2025-26,OHL,OS,63,24,22,46,,pre_draft,true,chl,9228,https://chl.ca/ohl/stats/players/83/all/points,,,,,,,,,,
2026-183-alexander-grunin,2025-26,MHL,Sibirskie Snaipery Novosibirsk,44,6,9,15,,pre_draft,true,open-stats,2026-mhl-regular-alexander-grunin,https://www.eliteprospects.com/league/mhl/stats/2025-2026,,,,,,,,,,
2026-184-samuel-eriksson,2025-26,SHL,Färjestad BK,1,0,0,0,,pre_draft,true,swehockey,samueleriksson,https://stats.swehockey.se/Teams/Info/PlayersByTeam/18263,,,,,,,,,,
2026-184-samuel-eriksson,2025-26,Sweden Jrs.,Färjestad BK,7,0,0,0,,pre_draft,false,swehockey,samueleriksson,https://stats.swehockey.se/Teams/Info/PlayersByTeam/19943,,,,,,,,,,
2026-184-samuel-eriksson,2025-26,Sweden Jrs.,Färjestad BK,32,3,3,6,,pre_draft,true,swehockey,samueleriksson,https://stats.swehockey.se/Teams/Info/PlayersByTeam/18269,,,,,,,,,,
2026-185-jonas-woo,2022-23,WHL,WPG,19,0,3,3,,pre_draft,false,chl,29025,https://chl.ca/whl/stats/players/280/all/points,,,,,,,,,,
2026-185-jonas-woo,2022-23,WHL,WPG,63,2,19,21,,pre_draft,true,chl,29025,https://chl.ca/whl/stats/players/279/all/points,,,,,,,,,,
2026-185-jonas-woo,2023-24,WHL,WEN,6,0,2,2,,pre_draft,false,chl,29025,https://chl.ca/whl/stats/players/284/all/points,,,,,,,,,,
2026-185-jonas-woo,2023-24,WHL,WEN,68,8,26,34,,pre_draft,true,chl,29025,https://chl.ca/whl/stats/players/281/all/points,,,,,,,,,,
2026-185-jonas-woo,2024-25,WHL,MH,18,0,11,11,,pre_draft,false,chl,29025,https://chl.ca/whl/players/29025,,,,,,,,,,
2026-185-jonas-woo,2024-25,WHL,MH,57,11,32,43,,pre_draft,true,chl,29025,https://chl.ca/whl/players/29025,,,,,,,,,,
2026-185-jonas-woo,2025-26,WHL,MH,13,8,9,17,,pre_draft,false,chl,29025,https://chl.ca/whl/stats/players/293/all/points,,,,,,,,,,
2026-185-jonas-woo,2025-26,WHL,MH,56,29,57,86,,pre_draft,true,chl,29025,https://chl.ca/whl/stats/players/289/all/points,,,,,,,,,,
2026-186-stepan-shurygin,2025-26,OHL,SAG,4,0,0,0,,pre_draft,false,chl,9382,https://chl.ca/ohl/stats/players/85/all/points,,,,,,,,,,
2026-186-stepan-shurygin,2025-26,OHL,SAG,59,0,0,0,,pre_draft,true,chl,9382,https://chl.ca/ohl/stats/players/83/all/points,,,,,,,,,,
2026-188-dylan-dumont,2025-26,QMJHL,Dru,5,4,1,5,,pre_draft,false,chl,21374,https://chl.ca/lhjmq/en/stats/players/212/all/points,,,,,,,,,,
2026-188-dylan-dumont,2025-26,QMJHL,Dru,62,28,16,44,,pre_draft,true,chl,21374,https://chl.ca/lhjmq/en/stats/players/211/all/points,,,,,,,,,,
2026-189-parker-trottier,2024-25,USHL,NTDP,26,3,0,3,,pre_draft,true,ushl,10617,https://ushl.com/ht/#/player/10617/85/Parker%20Trottier,,,,,,,,,,
2026-189-parker-trottier,2025-26,USHL,NTDP,24,8,6,14,,pre_draft,true,ushl,10617,https://ushl.com/ht/#/player/10617/88/Parker%20Trottier,,,,,,,,,,
2026-190-wesley-royston,2023-24,OHL,ER,5,0,0,0,,pre_draft,false,chl,8999,https://chl.ca/ohl/stats/players/77/all/points,,,,,,,,,,
2026-190-wesley-royston,2023-24,OHL,ER,45,4,1,5,,pre_draft,true,chl,8999,https://chl.ca/ohl/stats/players/76/all/points,,,,,,,,,,
2026-190-wesley-royston,2024-25,OHL,ER,9,1,4,5,,pre_draft,false,chl,8999,https://chl.ca/ohl/players/8999,,,,,,,,,,
2026-190-wesley-royston,2024-25,OHL,ER,63,14,13,27,,pre_draft,true,chl,8999,https://chl.ca/ohl/players/8999,,,,,,,,,,
2026-190-wesley-royston,2025-26,OHL,OS,4,0,0,0,,pre_draft,false,chl,8999,https://chl.ca/ohl/stats/players/85/all/points,,,,,,,,,,
2026-190-wesley-royston,2025-26,OHL,OS,59,12,7,19,,pre_draft,true,chl,8999,https://chl.ca/ohl/stats/players/83/all/points,,,,,,,,,,
2026-191-matthew-minchak,2025-26,OHL,KGN,3,0,0,0,,pre_draft,false,chl,9527,https://chl.ca/ohl/stats/players/85/all/points,,,,,,,,,,
2026-191-matthew-minchak,2025-26,OHL,KGN,30,0,0,0,,pre_draft,true,chl,9527,https://chl.ca/ohl/stats/players/83/all/points,,,,,,,,,,
2026-192-noah-kosick,2024-25,WHL,CGY,34,1,2,3,,pre_draft,true,chl,29554,https://chl.ca/whl/players/29554,,,,,,,,,,
2026-192-noah-kosick,2025-26,WHL,SEA,5,1,4,5,,pre_draft,false,chl,29554,https://chl.ca/whl/stats/players/293/all/points,,,,,,,,,,
2026-192-noah-kosick,2025-26,WHL,SEA,69,16,38,54,,pre_draft,true,chl,29554,https://chl.ca/whl/stats/players/289/all/points,,,,,,,,,,
2026-193-ivan-patrikhayev,2025-26,KHL,CSKA Moscow,10,0,0,0,,pre_draft,false,open-stats,2026-khl-playoffs-ivan-patrikhayev,https://www.eliteprospects.com/team/187/cska-moskva/stats/2025-2026/playoffs,,,,,,,,,,
2026-193-ivan-patrikhayev,2025-26,KHL,CSKA Moscow,66,3,10,13,,pre_draft,true,open-stats,2026-khl-regular-ivan-patrikhayev,https://media.nhl.com/site/vasset/public/attachments/2026/04/19700/2026%20NHL%20CS%20Final%20Rankings%20-%20ITL%20Skaters.pdf,,,,,,,,,,
2026-194-alexander-ivanov,2025-26,KHL,Ak Bars Kazan,7,0,0,0,,pre_draft,true,open-stats,2026-khl-regular-alexander-ivanov,https://www.eliteprospects.com/league/khl/stats/2025-2026,,,,,,,,,,
2026-194-alexander-ivanov,2025-26,VHL,Bars Kazan,34,0,2,2,,pre_draft,true,open-stats,2026-vhl-regular-alexander-ivanov,https://www.eliteprospects.com/league/vhl/stats/2025-2026,,,,,,,,,,
2026-195-shawn-carrier,2023-24,QMJHL,Mon,4,0,0,0,,pre_draft,false,chl,20169,https://chl.ca/lhjmq/en/stats/players/206/all/points,,,,,,,,,,
2026-195-shawn-carrier,2023-24,QMJHL,Mon,59,8,3,11,,pre_draft,true,chl,20169,https://chl.ca/lhjmq/en/stats/players/205/all/points,,,,,,,,,,
2026-195-shawn-carrier,2024-25,QMJHL,Hal,11,1,4,5,,pre_draft,false,chl,20169,https://chl.ca/lhjmq/en/players/20169/,,,,,,,,,,
2026-195-shawn-carrier,2024-25,QMJHL,Hal,59,18,26,44,,pre_draft,true,chl,20169,https://chl.ca/lhjmq/en/players/20169/,,,,,,,,,,
2026-195-shawn-carrier,2025-26,QMJHL,Hal,4,0,2,2,,pre_draft,false,chl,20169,https://chl.ca/lhjmq/en/stats/players/212/all/points,,,,,,,,,,
2026-195-shawn-carrier,2025-26,QMJHL,Hal,61,37,28,65,,pre_draft,true,chl,20169,https://chl.ca/lhjmq/en/stats/players/211/all/points,,,,,,,,,,
2026-197-jasper-kuhta,2025-26,OHL,OTT,9,2,5,7,,pre_draft,false,chl,9520,https://chl.ca/ohl/stats/players/85/all/points,,,,,,,,,,
2026-197-jasper-kuhta,2025-26,OHL,OTT,62,32,31,63,,pre_draft,true,chl,9520,https://chl.ca/ohl/stats/players/83/all/points,,,,,,,,,,
2026-198-rylan-singh,2023-24,OHL,GUE,2,1,1,2,,pre_draft,false,chl,8961,https://chl.ca/ohl/stats/players/77/all/points,,,,,,,,,,
2026-198-rylan-singh,2023-24,OHL,GUE,42,1,8,9,,pre_draft,true,chl,8961,https://chl.ca/ohl/stats/players/76/all/points,,,,,,,,,,
2026-198-rylan-singh,2024-25,OHL,GUE,65,3,28,31,,pre_draft,true,chl,8961,https://chl.ca/ohl/players/8961,,,,,,,,,,
2026-198-rylan-singh,2025-26,OHL,GUE,4,1,0,1,,pre_draft,false,chl,8961,https://chl.ca/ohl/stats/players/85/all/points,,,,,,,,,,
2026-198-rylan-singh,2025-26,OHL,GUE,52,4,19,23,,pre_draft,true,chl,8961,https://chl.ca/ohl/stats/players/83/all/points,,,,,,,,,,
2026-200-william-sorbrand,2025-26,SHL,Timrå IK,5,0,0,0,,pre_draft,true,swehockey,williamsorbrand,https://stats.swehockey.se/Teams/Info/PlayersByTeam/18263,,,,,,,,,,
2026-200-william-sorbrand,2025-26,Sweden Jrs.,Timrå IK,3,2,1,3,,pre_draft,false,swehockey,williamsorbrand,https://stats.swehockey.se/Teams/Info/PlayersByTeam/19943,,,,,,,,,,
2026-200-william-sorbrand,2025-26,Sweden Jrs.,Timrå IK,28,10,8,18,,pre_draft,true,swehockey,williamsorbrand,https://stats.swehockey.se/Teams/Info/PlayersByTeam/18268,,,,,,,,,,
2026-201-alexander-karmanov,2025-26,OHL,NB,20,0,2,2,,pre_draft,true,chl,9480,https://chl.ca/ohl/stats/players/83/all/points,,,,,,,,,,
2026-203-colin-fitzgerald,2024-25,OHL,PBO,48,12,16,28,,pre_draft,true,chl,9213,https://chl.ca/ohl/players/9213,,,,,,,,,,
2026-203-colin-fitzgerald,2025-26,OHL,SOO,10,0,0,0,,pre_draft,false,chl,9213,https://chl.ca/ohl/stats/players/85/all/points,,,,,,,,,,
2026-203-colin-fitzgerald,2025-26,OHL,SOO,63,15,18,33,,pre_draft,true,chl,9213,https://chl.ca/ohl/stats/players/83/all/points,,,,,,,,,,
2026-204-william-tomko,2023-24,USHL,CHI,2,0,0,0,,pre_draft,true,ushl,10387,https://ushl.com/ht/#/player/10387/82/William%20Tomko,,,,,,,,,,
2026-204-william-tomko,2024-25,USHL,CHI,62,10,13,23,,pre_draft,true,ushl,10387,https://ushl.com/ht/#/player/10387/85/William%20Tomko,,,,,,,,,,
2026-204-william-tomko,2025-26,USHL,SC,6,2,4,6,,pre_draft,false,ushl,10387,https://ushl.com/ht/#/player/10387/90/William%20Tomko,,,,,,,,,,
2026-204-william-tomko,2025-26,USHL,SC,59,24,36,60,,pre_draft,true,ushl,10387,https://ushl.com/ht/#/player/10387/88/William%20Tomko,,,,,,,,,,
2026-208-logan-stuart,2024-25,USHL,NTDP,33,4,10,14,,pre_draft,true,ushl,10611,https://ushl.com/ht/#/player/10611/85/Logan%20Stuart,,,,,,,,,,
2026-208-logan-stuart,2025-26,USHL,NTDP,23,3,12,15,,pre_draft,true,ushl,10611,https://ushl.com/ht/#/player/10611/88/Logan%20Stuart,,,,,,,,,,
2026-209-tobias-krestan,2025-26,Sweden Jrs.,HV 71,21,8,10,18,,pre_draft,true,swehockey,tobiaskrestan,https://stats.swehockey.se/Teams/Info/PlayersByTeam/18269,,,,,,,,,,
2026-212-ryan-cameron,2024-25,USHL,NTDP,1,,,,,pre_draft,true,ushl,10710,https://ushl.com/ht/#/player/10710/85/Ryan%20Cameron,60,36,28,8,0.778,8.00,0,1,0,0
2026-212-ryan-cameron,2025-26,USHL,CR,2,,,,,pre_draft,false,ushl,10710,https://ushl.com/ht/#/player/10710/90/Ryan%20Cameron,118,52,46,6,0.885,3.04,0,2,0,0
2026-212-ryan-cameron,2025-26,USHL,CR,40,,,,,pre_draft,true,ushl,10710,https://ushl.com/ht/#/player/10710/88/Ryan%20Cameron,2361,975,860,115,0.882,2.92,24,11,2,0
2026-214-ondrej-ruml,2025-26,OHL,OTT,9,0,1,1,,pre_draft,false,chl,9522,https://chl.ca/ohl/stats/players/85/all/points,,,,,,,,,,
2026-214-ondrej-ruml,2025-26,OHL,OTT,66,10,18,28,,pre_draft,true,chl,9522,https://chl.ca/ohl/stats/players/83/all/points,,,,,,,,,,
2026-215-alexandre-raymond,2025-26,QMJHL,Rou,18,0,0,0,,pre_draft,true,chl,20334,https://chl.ca/lhjmq/en/stats/players/211/all/points,,,,,,,,,,
2026-216-cullen-mccrate,2023-24,USHL,DBQ,3,0,0,0,,pre_draft,true,ushl,10331,https://ushl.com/ht/#/player/10331/82/Cullen%20McCrate,,,,,,,,,,
2026-216-cullen-mccrate,2024-25,USHL,FGO,2,0,0,0,,pre_draft,false,ushl,10331,https://ushl.com/ht/#/player/10331/87/Cullen%20McCrate,,,,,,,,,,
2026-216-cullen-mccrate,2024-25,USHL,FGO,47,2,3,5,,pre_draft,true,ushl,10331,https://ushl.com/ht/#/player/10331/85/Cullen%20McCrate,,,,,,,,,,
2026-216-cullen-mccrate,2025-26,USHL,FGO,9,1,3,4,,pre_draft,false,ushl,10331,https://ushl.com/ht/#/player/10331/90/Cullen%20McCrate,,,,,,,,,,
2026-216-cullen-mccrate,2025-26,USHL,FGO,61,10,20,30,,pre_draft,true,ushl,10331,https://ushl.com/ht/#/player/10331/88/Cullen%20McCrate,,,,,,,,,,
2026-217-louis-antoine-denault,2023-24,QMJHL,Que,29,0,0,0,,pre_draft,true,chl,20480,https://chl.ca/lhjmq/en/stats/players/205/all/points,,,,,,,,,,
2026-217-louis-antoine-denault,2024-25,QMJHL,Que,4,,,,,pre_draft,false,chl,20480,https://chl.ca/lhjmq/en/players/20480/,221:43,145,131,14,0.903,3.79,0,1,2,0
2026-217-louis-antoine-denault,2024-25,QMJHL,Que,41,,,,,pre_draft,true,chl,20480,https://chl.ca/lhjmq/en/players/20480/,2357:25,1261,1138,123,0.902,3.13,17,17,2,2
2026-217-louis-antoine-denault,2025-26,QMJHL,NFL,12,0,1,1,,pre_draft,false,chl,20480,https://chl.ca/lhjmq/en/stats/players/212/all/points,,,,,,,,,,
2026-217-louis-antoine-denault,2025-26,QMJHL,NFL,42,0,2,2,,pre_draft,true,chl,20480,https://chl.ca/lhjmq/en/stats/players/211/all/points,,,,,,,,,,
2026-218-max-vilen,2025-26,QMJHL,Mon,21,3,9,12,,pre_draft,false,chl,23761,https://chl.ca/lhjmq/en/stats/players/212/all/points,,,,,,,,,,
2026-218-max-vilen,2025-26,QMJHL,Mon,54,3,24,27,,pre_draft,true,chl,23761,https://chl.ca/lhjmq/en/stats/players/211/all/points,,,,,,,,,,
2026-220-john-parsons,2025-26,NCAA,Providence,19,,,,,pre_draft,true,collegehockeyinc,59341,https://collegehockeyinc.com/players/career/59341,,,438,37,.922,2.05,13,5,0,2
2026-221-jean-samuel-daigneault,2025-26,USHL,MKG,12,0,0,0,,pre_draft,false,ushl,11010,https://ushl.com/ht/#/player/11010/90/Jean-Samuel%20Daigneault,,,,,,,,,,
2026-221-jean-samuel-daigneault,2025-26,USHL,MKG,47,0,5,5,,pre_draft,true,ushl,11010,https://ushl.com/ht/#/player/11010/88/Jean-Samuel%20Daigneault,,,,,,,,,,
2026-222-quinn-mckenzie,2025-26,OHL,SOO,10,5,2,7,,pre_draft,false,chl,9574,https://chl.ca/ohl/stats/players/85/all/points,,,,,,,,,,
2026-222-quinn-mckenzie,2025-26,OHL,SOO,65,21,30,51,,pre_draft,true,chl,9574,https://chl.ca/ohl/stats/players/83/all/points,,,,,,,,,,
2026-223-lucas-ambrosio,2024-25,OHL,ER,9,0,1,1,,pre_draft,false,chl,9130,https://chl.ca/ohl/players/9130,,,,,,,,,,
2026-223-lucas-ambrosio,2024-25,OHL,ER,52,4,9,13,,pre_draft,true,chl,9130,https://chl.ca/ohl/players/9130,,,,,,,,,,
2026-223-lucas-ambrosio,2025-26,OHL,ER,64,1,19,20,,pre_draft,true,chl,9130,https://chl.ca/ohl/stats/players/83/all/points,,,,,,,,,,
2026-224-tyler-deakos,2025-26,USHL,WAT,19,7,10,17,,pre_draft,true,ushl,11091,https://ushl.com/ht/#/player/11091/88/Tyler%20Deakos,,,,,,,,,,
