player_id,name,birth_date,nationality,position,handedness,height_cm,weight_kg,age_at_draft,source,source_id,source_url
2015-001-connor-mcdavid,Connor McDavid,,CAN,C,,183,88,,nhl_draft_api,2015-1,https://api-web.nhle.com/v1/draft/picks/2015/all
2015-002-jack-eichel,Jack Eichel,,USA,C,,188,89,,nhl_draft_api,2015-2,https://api-web.nhle.com/v1/draft/picks/2015/all
2015-003-dylan-strome,Dylan Strome,,CAN,C,,190,84,,nhl_draft_api,2015-3,https://api-web.nhle.com/v1/draft/picks/2015/all
2015-004-mitch-marner,Mitch Marner,,CAN,C,,180,73,,nhl_draft_api,2015-4,https://api-web.nhle.com/v1/draft/picks/2015/all
2015-005-noah-hanifin,Noah Hanifin,,USA,D,,188,92,,nhl_draft_api,2015-5,https://api-web.nhle.com/v1/draft/picks/2015/all
2015-006-pavel-zacha,Pavel Zacha,,CZE,C,,190,95,,nhl_draft_api,2015-6,https://api-web.nhle.com/v1/draft/picks/2015/all
2015-007-ivan-provorov,Ivan Provorov,,RUS,D,,183,91,,nhl_draft_api,2015-7,https://api-web.nhle.com/v1/draft/picks/2015/all
2015-008-zach-werenski,Zach Werenski,,USA,D,,188,93,,nhl_draft_api,2015-8,https://api-web.nhle.com/v1/draft/picks/2015/all
2015-009-timo-meier,Timo Meier,,CHE,RW,,185,95,,nhl_draft_api,2015-9,https://api-web.nhle.com/v1/draft/picks/2015/all
2015-010-mikko-rantanen,Mikko Rantanen,,FIN,RW,,190,96,,nhl_draft_api,2015-10,https://api-web.nhle.com/v1/draft/picks/2015/all
2015-011-lawson-crouse,Lawson Crouse,,CAN,LW,,193,98,,nhl_draft_api,2015-11,https://api-web.nhle.com/v1/draft/picks/2015/all
2015-012-denis-gurianov,Denis Gurianov,,RUS,RW,,190,87,,nhl_draft_api,2015-12,https://api-web.nhle.com/v1/draft/picks/2015/all
2015-013-jakub-zboril,Jakub Zboril,,CZE,D,,183,83,,nhl_draft_api,2015-13,https://api-web.nhle.com/v1/draft/picks/2015/all
2015-014-jake-debrusk,Jake DeBrusk,,CAN,LW,,180,79,,nhl_draft_api,2015-14,https://api-web.nhle.com/v1/draft/picks/2015/all
2015-015-zach-senyshyn,Zach Senyshyn,,CAN,RW,,185,87,,nhl_draft_api,2015-15,https://api-web.nhle.com/v1/draft/picks/2015/all
2015-016-mathew-barzal,Mathew Barzal,,CAN,C,,180,79,,nhl_draft_api,2015-16,https://api-web.nhle.com/v1/draft/picks/2015/all
2015-017-kyle-connor,Kyle Connor,,USA,LW,,185,80,,nhl_draft_api,2015-17,https://api-web.nhle.com/v1/draft/picks/2015/all
2015-018-thomas-chabot,Thomas Chabot,,CAN,D,,185,82,,nhl_draft_api,2015-18,https://api-web.nhle.com/v1/draft/picks/2015/all
2015-019-evgeny-svechnikov,Evgeny Svechnikov,,RUS,LW,,185,90,,nhl_draft_api,2015-19,https://api-web.nhle.com/v1/draft/picks/2015/all
2015-020-joel-eriksson-ek,Joel Eriksson Ek,,SWE,C,,188,90,,nhl_draft_api,2015-20,https://api-web.nhle.com/v1/draft/picks/2015/all
2015-021-colin-white,Colin White,,USA,C,,183,83,,nhl_draft_api,2015-21,https://api-web.nhle.com/v1/draft/picks/2015/all
2015-022-ilya-samsonov,Ilya Samsonov,,RUS,G,,190,92,,nhl_draft_api,2015-22,https://api-web.nhle.com/v1/draft/picks/2015/all
2015-023-brock-boeser,Brock Boeser,,USA,RW,,183,87,,nhl_draft_api,2015-23,https://api-web.nhle.com/v1/draft/picks/2015/all
2015-024-travis-konecny,Travis Konecny,,CAN,C,,175,79,,nhl_draft_api,2015-24,https://api-web.nhle.com/v1/draft/picks/2015/all
2015-025-jack-roslovic,Jack Roslovic,,USA,C,,183,83,,nhl_draft_api,2015-25,https://api-web.nhle.com/v1/draft/picks/2015/all
2015-026-noah-juulsen,Noah Juulsen,,CAN,D,,185,79,,nhl_draft_api,2015-26,https://api-web.nhle.com/v1/draft/picks/2015/all
2015-027-jacob-larsson,Jacob Larsson,,SWE,D,,188,87,,nhl_draft_api,2015-27,https://api-web.nhle.com/v1/draft/picks/2015/all
2015-028-anthony-beauvillier,Anthony Beauvillier,,CAN,LW,,178,78,,nhl_draft_api,2015-28,https://api-web.nhle.com/v1/draft/picks/2015/all
2015-029-gabriel-carlsson,Gabriel Carlsson,,SWE,D,,193,83,,nhl_draft_api,2015-29,https://api-web.nhle.com/v1/draft/picks/2015/all
2015-030-nick-merkley,Nick Merkley,,CAN,RW,,178,87,,nhl_draft_api,2015-30,https://api-web.nhle.com/v1/draft/picks/2015/all
2015-031-jeremy-roy,Jeremy Roy,,CAN,D,,183,85,,nhl_draft_api,2015-31,https://api-web.nhle.com/v1/draft/picks/2015/all
2015-032-christian-fischer,Christian Fischer,,USA,RW,,185,96,,nhl_draft_api,2015-32,https://api-web.nhle.com/v1/draft/picks/2015/all
2015-033-mitchell-stephens,Mitchell Stephens,,CAN,C,,180,85,,nhl_draft_api,2015-33,https://api-web.nhle.com/v1/draft/picks/2015/all
2015-034-travis-dermott,Travis Dermott,,CAN,D,,180,89,,nhl_draft_api,2015-34,https://api-web.nhle.com/v1/draft/picks/2015/all
2015-035-sebastian-aho,Sebastian Aho,,FIN,RW,,180,78,,nhl_draft_api,2015-35,https://api-web.nhle.com/v1/draft/picks/2015/all
2015-036-gabriel-gagne,Gabriel Gagne,,CAN,RW,,193,84,,nhl_draft_api,2015-36,https://api-web.nhle.com/v1/draft/picks/2015/all
2015-037-brandon-carlo,Brandon Carlo,,USA,D,,196,89,,nhl_draft_api,2015-37,https://api-web.nhle.com/v1/draft/picks/2015/all
2015-038-paul-bittner,Paul Bittner,,USA,LW,,193,93,,nhl_draft_api,2015-38,https://api-web.nhle.com/v1/draft/picks/2015/all
2015-039-a-j-greer,A.J. Greer,,CAN,LW,,190,93,,nhl_draft_api,2015-39,https://api-web.nhle.com/v1/draft/picks/2015/all
2015-040-nicolas-meloche,Nicolas Meloche,,CAN,D,,188,93,,nhl_draft_api,2015-40,https://api-web.nhle.com/v1/draft/picks/2015/all
2015-041-ryan-gropp,Ryan Gropp,,CAN,LW,,188,85,,nhl_draft_api,2015-41,https://api-web.nhle.com/v1/draft/picks/2015/all
2015-042-mackenzie-blackwood,Mackenzie Blackwood,,CAN,G,,193,98,,nhl_draft_api,2015-42,https://api-web.nhle.com/v1/draft/picks/2015/all
2015-043-erik-cernak,Erik Cernak,,SVK,D,,190,94,,nhl_draft_api,2015-43,https://api-web.nhle.com/v1/draft/picks/2015/all
2015-044-matthew-spencer,Matthew Spencer,,CAN,D,,185,92,,nhl_draft_api,2015-44,https://api-web.nhle.com/v1/draft/picks/2015/all
2015-045-jakob-forsbacka-karlsson,Jakob Forsbacka Karlsson,,SWE,C,,183,86,,nhl_draft_api,2015-45,https://api-web.nhle.com/v1/draft/picks/2015/all
2015-046-daniel-sprong,Daniel Sprong,,NLD,RW,,183,82,,nhl_draft_api,2015-46,https://api-web.nhle.com/v1/draft/picks/2015/all
2015-047-jansen-harkins,Jansen Harkins,,USA,C,,185,83,,nhl_draft_api,2015-47,https://api-web.nhle.com/v1/draft/picks/2015/all
2015-048-filip-chlapik,Filip Chlapik,,CZE,C,,185,89,,nhl_draft_api,2015-48,https://api-web.nhle.com/v1/draft/picks/2015/all
2015-049-roope-hintz,Roope Hintz,,FIN,LW,,190,87,,nhl_draft_api,2015-49,https://api-web.nhle.com/v1/draft/picks/2015/all
2015-050-jordan-greenway,Jordan Greenway,,USA,LW,,198,103,,nhl_draft_api,2015-50,https://api-web.nhle.com/v1/draft/picks/2015/all
2015-051-brendan-guhle,Brendan Guhle,,CAN,D,,185,83,,nhl_draft_api,2015-51,https://api-web.nhle.com/v1/draft/picks/2015/all
2015-052-jeremy-lauzon,Jeremy Lauzon,,CAN,D,,185,88,,nhl_draft_api,2015-52,https://api-web.nhle.com/v1/draft/picks/2015/all
2015-053-rasmus-andersson,Rasmus Andersson,,SWE,D,,183,96,,nhl_draft_api,2015-53,https://api-web.nhle.com/v1/draft/picks/2015/all
2015-054-graham-knott,Graham Knott,,CAN,LW,,190,86,,nhl_draft_api,2015-54,https://api-web.nhle.com/v1/draft/picks/2015/all
2015-055-yakov-trenin,Yakov Trenin,,RUS,C,,185,88,,nhl_draft_api,2015-55,https://api-web.nhle.com/v1/draft/picks/2015/all
2015-056-vince-dunn,Vince Dunn,,CAN,D,,180,85,,nhl_draft_api,2015-56,https://api-web.nhle.com/v1/draft/picks/2015/all
2015-057-jonas-siegenthaler,Jonas Siegenthaler,,CHE,D,,188,100,,nhl_draft_api,2015-57,https://api-web.nhle.com/v1/draft/picks/2015/all
2015-058-kevin-stenlund,Kevin Stenlund,,SWE,C,,190,93,,nhl_draft_api,2015-58,https://api-web.nhle.com/v1/draft/picks/2015/all
2015-059-julius-nattinen,Julius Nattinen,,FIN,C,,185,87,,nhl_draft_api,2015-59,https://api-web.nhle.com/v1/draft/picks/2015/all
2015-060-oliver-kylington,Oliver Kylington,,SWE,D,,183,84,,nhl_draft_api,2015-60,https://api-web.nhle.com/v1/draft/picks/2015/all
2015-061-jeremy-bracco,Jeremy Bracco,,USA,RW,,175,78,,nhl_draft_api,2015-61,https://api-web.nhle.com/v1/draft/picks/2015/all
2015-062-robin-kovacs,Robin Kovacs,,SWE,RW,,183,72,,nhl_draft_api,2015-62,https://api-web.nhle.com/v1/draft/picks/2015/all
2015-063-kyle-capobianco,Kyle Capobianco,,CAN,D,,185,81,,nhl_draft_api,2015-63,https://api-web.nhle.com/v1/draft/picks/2015/all
2015-064-dennis-yan,Dennis Yan,,USA,LW,,185,83,,nhl_draft_api,2015-64,https://api-web.nhle.com/v1/draft/picks/2015/all
2015-065-andrew-nielsen,Andrew Nielsen,,CAN,D,,190,94,,nhl_draft_api,2015-65,https://api-web.nhle.com/v1/draft/picks/2015/all
2015-066-guillaume-brisebois,Guillaume Brisebois,,CAN,D,,185,79,,nhl_draft_api,2015-66,https://api-web.nhle.com/v1/draft/picks/2015/all
2015-067-blake-speers,Blake Speers,,CAN,C,,180,82,,nhl_draft_api,2015-67,https://api-web.nhle.com/v1/draft/picks/2015/all
2015-068-martins-dzierkals,Martins Dzierkals,,LVA,LW,,180,77,,nhl_draft_api,2015-68,https://api-web.nhle.com/v1/draft/picks/2015/all
2015-069-keegan-kolesar,Keegan Kolesar,,CAN,RW,,185,98,,nhl_draft_api,2015-69,https://api-web.nhle.com/v1/draft/picks/2015/all
2015-070-felix-sandstrom,Felix Sandstrom,,SWE,G,,188,87,,nhl_draft_api,2015-70,https://api-web.nhle.com/v1/draft/picks/2015/all
2015-071-j-c-beaudin,J.C. Beaudin,,CAN,C,,185,82,,nhl_draft_api,2015-71,https://api-web.nhle.com/v1/draft/picks/2015/all
2015-072-anthony-cirelli,Anthony Cirelli,,CAN,C,,180,73,,nhl_draft_api,2015-72,https://api-web.nhle.com/v1/draft/picks/2015/all
2015-073-vili-saarijarvi,Vili Saarijarvi,,FIN,D,,175,74,,nhl_draft_api,2015-73,https://api-web.nhle.com/v1/draft/picks/2015/all
2015-074-alexander-dergachyov,Alexander Dergachyov,,RUS,C,,193,91,,nhl_draft_api,2015-74,https://api-web.nhle.com/v1/draft/picks/2015/all
2015-075-dan-vladar,Dan Vladar,,CZE,G,,196,84,,nhl_draft_api,2015-75,https://api-web.nhle.com/v1/draft/picks/2015/all
2015-076-adin-hill,Adin Hill,,CAN,G,,190,90,,nhl_draft_api,2015-76,https://api-web.nhle.com/v1/draft/picks/2015/all
2015-077-samuel-montembeault,Samuel Montembeault,,CAN,G,,188,78,,nhl_draft_api,2015-77,https://api-web.nhle.com/v1/draft/picks/2015/all
2015-078-erik-foley,Erik Foley,,USA,LW,,180,84,,nhl_draft_api,2015-78,https://api-web.nhle.com/v1/draft/picks/2015/all
2015-079-sergey-zborovskiy,Sergey Zborovskiy,,RUS,D,,190,90,,nhl_draft_api,2015-79,https://api-web.nhle.com/v1/draft/picks/2015/all
2015-080-brent-gates-jr,Brent Gates Jr.,,USA,C,,185,89,,nhl_draft_api,2015-80,https://api-web.nhle.com/v1/draft/picks/2015/all
2015-081-brendan-warren,Brendan Warren,,USA,LW,,183,87,,nhl_draft_api,2015-81,https://api-web.nhle.com/v1/draft/picks/2015/all
2015-082-mitchell-vande-sompel,Mitchell Vande Sompel,,CAN,D,,178,83,,nhl_draft_api,2015-82,https://api-web.nhle.com/v1/draft/picks/2015/all
2015-083-jens-looke,Jens Looke,,SWE,RW,,183,82,,nhl_draft_api,2015-83,https://api-web.nhle.com/v1/draft/picks/2015/all
2015-084-deven-sideroff,Deven Sideroff,,CAN,RW,,180,78,,nhl_draft_api,2015-84,https://api-web.nhle.com/v1/draft/picks/2015/all
2015-085-tommy-novak,Tommy Novak,,USA,C,,183,81,,nhl_draft_api,2015-85,https://api-web.nhle.com/v1/draft/picks/2015/all
2015-086-mike-robinson,Mike Robinson,,USA,G,,188,88,,nhl_draft_api,2015-86,https://api-web.nhle.com/v1/draft/picks/2015/all
2015-087-lukas-vejdemo,Lukas Vejdemo,,SWE,C,,188,88,,nhl_draft_api,2015-87,https://api-web.nhle.com/v1/draft/picks/2015/all
2015-088-thomas-schemitsch,Thomas Schemitsch,,CAN,D,,190,93,,nhl_draft_api,2015-88,https://api-web.nhle.com/v1/draft/picks/2015/all
2015-089-aleksi-saarela,Aleksi Saarela,,FIN,C,,178,90,,nhl_draft_api,2015-89,https://api-web.nhle.com/v1/draft/picks/2015/all
2015-090-matej-tomek,Matej Tomek,,SVK,G,,188,82,,nhl_draft_api,2015-90,https://api-web.nhle.com/v1/draft/picks/2015/all
2015-091-dennis-gilbert,Dennis Gilbert,,USA,D,,188,91,,nhl_draft_api,2015-91,https://api-web.nhle.com/v1/draft/picks/2015/all
2015-092-will-borgen,Will Borgen,,USA,D,,185,86,,nhl_draft_api,2015-92,https://api-web.nhle.com/v1/draft/picks/2015/all
2015-093-callum-booth,Callum Booth,,CAN,G,,188,90,,nhl_draft_api,2015-93,https://api-web.nhle.com/v1/draft/picks/2015/all
2015-094-adam-musil,Adam Musil,,CAN,C,,188,92,,nhl_draft_api,2015-94,https://api-web.nhle.com/v1/draft/picks/2015/all
2015-095-jesper-lindgren,Jesper Lindgren,,SWE,D,,180,73,,nhl_draft_api,2015-95,https://api-web.nhle.com/v1/draft/picks/2015/all
2015-096-nicolas-roy,Nicolas Roy,,CAN,C,,193,88,,nhl_draft_api,2015-96,https://api-web.nhle.com/v1/draft/picks/2015/all
2015-097-colton-white,Colton White,,CAN,D,,183,83,,nhl_draft_api,2015-97,https://api-web.nhle.com/v1/draft/picks/2015/all
2015-098-samuel-dove-mcfalls,Samuel Dove-McFalls,,CAN,LW,,188,94,,nhl_draft_api,2015-98,https://api-web.nhle.com/v1/draft/picks/2015/all
2015-099-austin-wagner,Austin Wagner,,CAN,LW,,185,81,,nhl_draft_api,2015-99,https://api-web.nhle.com/v1/draft/picks/2015/all
2015-100-anthony-richard,Anthony Richard,,CAN,C,,175,74,,nhl_draft_api,2015-100,https://api-web.nhle.com/v1/draft/picks/2015/all
2015-101-andrei-mironov,Andrei Mironov,,RUS,D,,188,88,,nhl_draft_api,2015-101,https://api-web.nhle.com/v1/draft/picks/2015/all
2015-102-denis-malgin,Denis Malgin,,CHE,C,,173,74,,nhl_draft_api,2015-102,https://api-web.nhle.com/v1/draft/picks/2015/all
2015-103-chris-martenet,Chris Martenet,,USA,D,,201,90,,nhl_draft_api,2015-103,https://api-web.nhle.com/v1/draft/picks/2015/all
2015-104-mikhail-vorobyev,Mikhail Vorobyev,,RUS,C,,188,88,,nhl_draft_api,2015-104,https://api-web.nhle.com/v1/draft/picks/2015/all
2015-105-jesse-gabrielle,Jesse Gabrielle,,CAN,LW,,178,93,,nhl_draft_api,2015-105,https://api-web.nhle.com/v1/draft/picks/2015/all
2015-106-adam-helewka,Adam Helewka,,CAN,LW,,185,91,,nhl_draft_api,2015-106,https://api-web.nhle.com/v1/draft/picks/2015/all
2015-107-christian-wolanin,Christian Wolanin,,CAN,D,,185,84,,nhl_draft_api,2015-107,https://api-web.nhle.com/v1/draft/picks/2015/all
2015-108-michael-spacek,Michael Spacek,,CZE,RW,,180,85,,nhl_draft_api,2015-108,https://api-web.nhle.com/v1/draft/picks/2015/all
2015-109-filip-ahl,Filip Ahl,,SWE,LW,,190,96,,nhl_draft_api,2015-109,https://api-web.nhle.com/v1/draft/picks/2015/all
2015-110-joren-van-pottelberghe,Joren Van Pottelberghe,,CHE,G,,188,85,,nhl_draft_api,2015-110,https://api-web.nhle.com/v1/draft/picks/2015/all
2015-111-ales-stezka,Ales Stezka,,CZE,G,,193,86,,nhl_draft_api,2015-111,https://api-web.nhle.com/v1/draft/picks/2015/all
2015-112-parker-wotherspoon,Parker Wotherspoon,,CAN,D,,183,78,,nhl_draft_api,2015-112,https://api-web.nhle.com/v1/draft/picks/2015/all
2015-113-brad-morrison,Brad Morrison,,CAN,C,,180,70,,nhl_draft_api,2015-113,https://api-web.nhle.com/v1/draft/picks/2015/all
2015-114-dmitry-zhukenov,Dmitry Zhukenov,,RUS,C,,180,77,,nhl_draft_api,2015-114,https://api-web.nhle.com/v1/draft/picks/2015/all
2015-115-alexandre-carrier,Alexandre Carrier,,CAN,D,,180,79,,nhl_draft_api,2015-115,https://api-web.nhle.com/v1/draft/picks/2015/all
2015-116-glenn-gawdin,Glenn Gawdin,,CAN,C,,183,87,,nhl_draft_api,2015-116,https://api-web.nhle.com/v1/draft/picks/2015/all
2015-117-caleb-jones,Caleb Jones,,USA,D,,180,88,,nhl_draft_api,2015-117,https://api-web.nhle.com/v1/draft/picks/2015/all
2015-118-jonne-tammela,Jonne Tammela,,FIN,RW,,178,82,,nhl_draft_api,2015-118,https://api-web.nhle.com/v1/draft/picks/2015/all
2015-119-daniel-bernhardt,Daniel Bernhardt,,SWE,RW,,190,87,,nhl_draft_api,2015-119,https://api-web.nhle.com/v1/draft/picks/2015/all
2015-120-mathieu-joseph,Mathieu Joseph,,CAN,RW,,183,75,,nhl_draft_api,2015-120,https://api-web.nhle.com/v1/draft/picks/2015/all
2015-121-ryan-shea,Ryan Shea,,USA,D,,183,79,,nhl_draft_api,2015-121,https://api-web.nhle.com/v1/draft/picks/2015/all
2015-122-devante-stephens,Devante Stephens,,CAN,D,,185,78,,nhl_draft_api,2015-122,https://api-web.nhle.com/v1/draft/picks/2015/all
2015-123-conor-garland,Conor Garland,,USA,RW,,173,74,,nhl_draft_api,2015-123,https://api-web.nhle.com/v1/draft/picks/2015/all
2015-124-ethan-bear,Ethan Bear,,CAN,D,,180,91,,nhl_draft_api,2015-124,https://api-web.nhle.com/v1/draft/picks/2015/all
2015-125-dmytro-timashov,Dmytro Timashov,,UKR,LW,,175,87,,nhl_draft_api,2015-125,https://api-web.nhle.com/v1/draft/picks/2015/all
2015-126-luke-stevens,Luke Stevens,,USA,LW,,190,87,,nhl_draft_api,2015-126,https://api-web.nhle.com/v1/draft/picks/2015/all
2015-127-niko-mikkola,Niko Mikkola,,FIN,D,,193,84,,nhl_draft_api,2015-127,https://api-web.nhle.com/v1/draft/picks/2015/all
2015-128-david-kase,David Kase,,CZE,RW,,175,72,,nhl_draft_api,2015-128,https://api-web.nhle.com/v1/draft/picks/2015/all
2015-129-sam-ruopp,Sam Ruopp,,CAN,D,,190,81,,nhl_draft_api,2015-129,https://api-web.nhle.com/v1/draft/picks/2015/all
2015-130-karlis-cukste,Karlis Cukste,,LVA,D,,188,92,,nhl_draft_api,2015-130,https://api-web.nhle.com/v1/draft/picks/2015/all
2015-131-matthew-bradley,Matthew Bradley,,CAN,C,,180,85,,nhl_draft_api,2015-131,https://api-web.nhle.com/v1/draft/picks/2015/all
2015-132-karch-bachman,Karch Bachman,,USA,LW,,178,79,,nhl_draft_api,2015-132,https://api-web.nhle.com/v1/draft/picks/2015/all
2015-133-joseph-cecconi,Joseph Cecconi,,USA,D,,188,95,,nhl_draft_api,2015-133,https://api-web.nhle.com/v1/draft/picks/2015/all
2015-134-matt-schmalz,Matt Schmalz,,CAN,RW,,198,95,,nhl_draft_api,2015-134,https://api-web.nhle.com/v1/draft/picks/2015/all
2015-135-kirill-kaprizov,Kirill Kaprizov,,RUS,LW,,175,84,,nhl_draft_api,2015-135,https://api-web.nhle.com/v1/draft/picks/2015/all
2015-136-pavel-karnaukhov,Pavel Karnaukhov,,BLR,LW,,188,88,,nhl_draft_api,2015-136,https://api-web.nhle.com/v1/draft/picks/2015/all
2015-137-dominik-simon,Dominik Simon,,CZE,C,,180,80,,nhl_draft_api,2015-137,https://api-web.nhle.com/v1/draft/picks/2015/all
2015-138-spencer-smallman,Spencer Smallman,,CAN,RW,,183,83,,nhl_draft_api,2015-138,https://api-web.nhle.com/v1/draft/picks/2015/all
2015-139-christian-jaros,Christian Jaros,,SVK,D,,190,91,,nhl_draft_api,2015-139,https://api-web.nhle.com/v1/draft/picks/2015/all
2015-140-chase-pearson,Chase Pearson,,CAN,C,,188,86,,nhl_draft_api,2015-140,https://api-web.nhle.com/v1/draft/picks/2015/all
2015-141-veeti-vainio,Veeti Vainio,,FIN,D,,185,77,,nhl_draft_api,2015-141,https://api-web.nhle.com/v1/draft/picks/2015/all
2015-142-rudolfs-balcers,Rudolfs Balcers,,LVA,LW,,180,75,,nhl_draft_api,2015-142,https://api-web.nhle.com/v1/draft/picks/2015/all
2015-143-connor-hobbs,Connor Hobbs,,CAN,D,,183,85,,nhl_draft_api,2015-143,https://api-web.nhle.com/v1/draft/picks/2015/all
2015-144-carl-neill,Carl Neill,,CAN,D,,185,97,,nhl_draft_api,2015-144,https://api-web.nhle.com/v1/draft/picks/2015/all
2015-145-karel-vejmelka,Karel Vejmelka,,CZE,G,,190,92,,nhl_draft_api,2015-145,https://api-web.nhle.com/v1/draft/picks/2015/all
2015-146-luke-opilka,Luke Opilka,,USA,G,,185,87,,nhl_draft_api,2015-146,https://api-web.nhle.com/v1/draft/picks/2015/all
2015-147-ryan-pilon,Ryan Pilon,,CAN,D,,188,93,,nhl_draft_api,2015-147,https://api-web.nhle.com/v1/draft/picks/2015/all
2015-148-troy-terry,Troy Terry,,USA,C/RW,,178,73,,nhl_draft_api,2015-148,https://api-web.nhle.com/v1/draft/picks/2015/all
2015-149-adam-gaudette,Adam Gaudette,,USA,C,,183,77,,nhl_draft_api,2015-149,https://api-web.nhle.com/v1/draft/picks/2015/all
2015-150-ryan-zuhlsdorf,Ryan Zuhlsdorf,,USA,D,,180,85,,nhl_draft_api,2015-150,https://api-web.nhle.com/v1/draft/picks/2015/all
2015-151-radovan-bondra,Radovan Bondra,,SVK,RW,,196,100,,nhl_draft_api,2015-151,https://api-web.nhle.com/v1/draft/picks/2015/all
2015-152-giorgio-estephan,Giorgio Estephan,,CAN,C,,183,85,,nhl_draft_api,2015-152,https://api-web.nhle.com/v1/draft/picks/2015/all
2015-153-kristian-oldham,Kristian Oldham,,USA,G,,188,92,,nhl_draft_api,2015-153,https://api-web.nhle.com/v1/draft/picks/2015/all
2015-154-john-marino,John Marino,,USA,D,,183,78,,nhl_draft_api,2015-154,https://api-web.nhle.com/v1/draft/picks/2015/all
2015-155-stephen-desrocher,Stephen Desrocher,,CAN,D,,190,90,,nhl_draft_api,2015-155,https://api-web.nhle.com/v1/draft/picks/2015/all
2015-156-jake-massie,Jake Massie,,CAN,D,,183,78,,nhl_draft_api,2015-156,https://api-web.nhle.com/v1/draft/picks/2015/all
2015-157-brett-seney,Brett Seney,,CAN,LW,,173,71,,nhl_draft_api,2015-157,https://api-web.nhle.com/v1/draft/picks/2015/all
2015-158-cooper-marody,Cooper Marody,,USA,C,,183,78,,nhl_draft_api,2015-158,https://api-web.nhle.com/v1/draft/picks/2015/all
2015-159-vladislav-gavrikov,Vladislav Gavrikov,,RUS,D,,188,93,,nhl_draft_api,2015-159,https://api-web.nhle.com/v1/draft/picks/2015/all
2015-160-adam-parsells,Adam Parsells,,USA,D,,196,87,,nhl_draft_api,2015-160,https://api-web.nhle.com/v1/draft/picks/2015/all
2015-161-sergei-boikov,Sergei Boikov,,RUS,D,,185,88,,nhl_draft_api,2015-161,https://api-web.nhle.com/v1/draft/picks/2015/all
2015-162-christopher-wilkie,Christopher Wilkie,,USA,RW,,180,90,,nhl_draft_api,2015-162,https://api-web.nhle.com/v1/draft/picks/2015/all
2015-163-markus-ruusu,Markus Ruusu,,FIN,G,,188,79,,nhl_draft_api,2015-163,https://api-web.nhle.com/v1/draft/picks/2015/all
2015-164-roy-radke,Roy Radke,,USA,RW,,188,92,,nhl_draft_api,2015-164,https://api-web.nhle.com/v1/draft/picks/2015/all
2015-165-cameron-hughes,Cameron Hughes,,CAN,C,,180,74,,nhl_draft_api,2015-165,https://api-web.nhle.com/v1/draft/picks/2015/all
2015-166-andrew-mangiapane,Andrew Mangiapane,,CAN,LW,,178,77,,nhl_draft_api,2015-166,https://api-web.nhle.com/v1/draft/picks/2015/all
2015-167-frederik-tiffels,Frederik Tiffels,,DEU,LW,,183,87,,nhl_draft_api,2015-167,https://api-web.nhle.com/v1/draft/picks/2015/all
2015-168-mason-appleton,Mason Appleton,,USA,C,,185,88,,nhl_draft_api,2015-168,https://api-web.nhle.com/v1/draft/picks/2015/all
2015-169-david-cotton,David Cotton,,USA,C,,188,91,,nhl_draft_api,2015-169,https://api-web.nhle.com/v1/draft/picks/2015/all
2015-170-patrick-holway,Patrick Holway,,USA,D,,193,91,,nhl_draft_api,2015-170,https://api-web.nhle.com/v1/draft/picks/2015/all
2015-171-nicholas-boka,Nicholas Boka,,USA,D,,185,95,,nhl_draft_api,2015-171,https://api-web.nhle.com/v1/draft/picks/2015/all
2015-172-andong-song,Andong Song,,CHN,D,,183,73,,nhl_draft_api,2015-172,https://api-web.nhle.com/v1/draft/picks/2015/all
2015-173-colby-williams,Colby Williams,,CAN,D,,180,87,,nhl_draft_api,2015-173,https://api-web.nhle.com/v1/draft/picks/2015/all
2015-174-lukas-jasek,Lukas Jasek,,CZE,RW,,180,75,,nhl_draft_api,2015-174,https://api-web.nhle.com/v1/draft/picks/2015/all
2015-175-tyler-moy,Tyler Moy,,USA,C,,183,88,,nhl_draft_api,2015-175,https://api-web.nhle.com/v1/draft/picks/2015/all
2015-176-liam-dunda,Liam Dunda,,USA,LW,,193,96,,nhl_draft_api,2015-176,https://api-web.nhle.com/v1/draft/picks/2015/all
2015-177-simon-bourque,Simon Bourque,,CAN,D,,183,83,,nhl_draft_api,2015-177,https://api-web.nhle.com/v1/draft/picks/2015/all
2015-178-steven-ruggiero,Steven Ruggiero,,USA,D,,188,91,,nhl_draft_api,2015-178,https://api-web.nhle.com/v1/draft/picks/2015/all
2015-179-garrett-metcalf,Garrett Metcalf,,USA,G,,188,82,,nhl_draft_api,2015-179,https://api-web.nhle.com/v1/draft/picks/2015/all
2015-180-bokondji-imama,Bokondji Imama,,CAN,LW,,185,97,,nhl_draft_api,2015-180,https://api-web.nhle.com/v1/draft/picks/2015/all
2015-181-joni-tuulola,Joni Tuulola,,FIN,D,,188,82,,nhl_draft_api,2015-181,https://api-web.nhle.com/v1/draft/picks/2015/all
2015-182-ivan-chukarov,Ivan Chukarov,,USA,D,,188,86,,nhl_draft_api,2015-182,https://api-web.nhle.com/v1/draft/picks/2015/all
2015-183-erik-kallgren,Erik Kallgren,,SWE,G,,180,71,,nhl_draft_api,2015-183,https://api-web.nhle.com/v1/draft/picks/2015/all
2015-184-adam-huska,Adam Huska,,SVK,G,,190,86,,nhl_draft_api,2015-184,https://api-web.nhle.com/v1/draft/picks/2015/all
2015-185-nikita-korostelev,Nikita Korostelev,,RUS,RW,,185,88,,nhl_draft_api,2015-185,https://api-web.nhle.com/v1/draft/picks/2015/all
2015-186-steven-lorentz,Steven Lorentz,,CAN,C/LW,,188,87,,nhl_draft_api,2015-186,https://api-web.nhle.com/v1/draft/picks/2015/all
2015-187-chaz-reddekopp,Chaz Reddekopp,,CAN,D,,190,99,,nhl_draft_api,2015-187,https://api-web.nhle.com/v1/draft/picks/2015/all
2015-188-ivan-fedotov,Ivan Fedotov,,RUS,G,,198,87,,nhl_draft_api,2015-188,https://api-web.nhle.com/v1/draft/picks/2015/all
2015-189-markus-nutivaara,Markus Nutivaara,,FIN,D,,183,79,,nhl_draft_api,2015-189,https://api-web.nhle.com/v1/draft/picks/2015/all
2015-190-marcus-vela,Marcus Vela,,CAN,C,,183,93,,nhl_draft_api,2015-190,https://api-web.nhle.com/v1/draft/picks/2015/all
2015-191-gustav-olhaver,Gustav Olhaver,,SWE,C,,198,97,,nhl_draft_api,2015-191,https://api-web.nhle.com/v1/draft/picks/2015/all
2015-192-patrick-shea,Patrick Shea,,USA,C,,178,84,,nhl_draft_api,2015-192,https://api-web.nhle.com/v1/draft/picks/2015/all
2015-193-jake-kupsky,Jake Kupsky,,USA,G,,196,95,,nhl_draft_api,2015-193,https://api-web.nhle.com/v1/draft/picks/2015/all
2015-194-matt-roy,Matt Roy,,USA,LW,,183,91,,nhl_draft_api,2015-194,https://api-web.nhle.com/v1/draft/picks/2015/all
2015-195-jack-becker,Jack Becker,,USA,C,,190,85,,nhl_draft_api,2015-195,https://api-web.nhle.com/v1/draft/picks/2015/all
2015-196-riley-bruce,Riley Bruce,,CAN,D,,198,93,,nhl_draft_api,2015-196,https://api-web.nhle.com/v1/draft/picks/2015/all
2015-197-nikita-pavlychev,Nikita Pavlychev,,RUS,C,,201,91,,nhl_draft_api,2015-197,https://api-web.nhle.com/v1/draft/picks/2015/all
2015-198-sami-niku,Sami Niku,,FIN,D,,183,80,,nhl_draft_api,2015-198,https://api-web.nhle.com/v1/draft/picks/2015/all
2015-199-joey-daccord,Joey Daccord,,USA,G,,188,89,,nhl_draft_api,2015-199,https://api-web.nhle.com/v1/draft/picks/2015/all
2015-200-adam-marsh,Adam Marsh,,USA,LW,,183,73,,nhl_draft_api,2015-200,https://api-web.nhle.com/v1/draft/picks/2015/all
2015-201-gustav-bouramman,Gustav Bouramman,,SWE,D,,183,86,,nhl_draft_api,2015-201,https://api-web.nhle.com/v1/draft/picks/2015/all
2015-202-petter-hansson,Petter Hansson,,SWE,D,,185,85,,nhl_draft_api,2015-202,https://api-web.nhle.com/v1/draft/picks/2015/all
2015-203-matteo-gennaro,Matteo Gennaro,,CAN,C,,188,85,,nhl_draft_api,2015-203,https://api-web.nhle.com/v1/draft/picks/2015/all
2015-204-jack-sadek,Jack Sadek,,USA,D,,188,89,,nhl_draft_api,2015-204,https://api-web.nhle.com/v1/draft/picks/2015/all
2015-205-evan-smith,Evan Smith,,USA,G,,198,79,,nhl_draft_api,2015-205,https://api-web.nhle.com/v1/draft/picks/2015/all
2015-206-ryan-bednard,Ryan Bednard,,USA,G,,190,81,,nhl_draft_api,2015-206,https://api-web.nhle.com/v1/draft/picks/2015/all
2015-207-jeremiah-addison,Jeremiah Addison,,CAN,LW,,180,83,,nhl_draft_api,2015-207,https://api-web.nhle.com/v1/draft/picks/2015/all
2015-208-miroslav-svoboda,Miroslav Svoboda,,CZE,G,,190,80,,nhl_draft_api,2015-208,https://api-web.nhle.com/v1/draft/picks/2015/all
2015-209-ziyat-paigin,Ziyat Paigin,,RUS,D,,198,95,,nhl_draft_api,2015-209,https://api-web.nhle.com/v1/draft/picks/2015/all
2015-210-tate-olson,Tate Olson,,CAN,D,,188,79,,nhl_draft_api,2015-210,https://api-web.nhle.com/v1/draft/picks/2015/all
2015-211-john-dahlstrom,John Dahlstrom,,SWE,RW,,180,86,,nhl_draft_api,2015-211,https://api-web.nhle.com/v1/draft/picks/2015/all
